车牌,到站时间,离站时间,支付时间,加油站编号,订单编号,支付方式,支付id(三方ID),金额
津A18099,1581081238.0,1581082798.0,1581082486.0,91,1581082486,35,37c0d347dc8f2e2285281991b4e3c8a9,312.0
津A24750,1581010946.0,1581011366.0,1581011282.0,122,1581011282,35,2c53e5353b449ae8a418e56210a54f28,262.0
津A36009,1581089863.0,1581091603.0,1581091255.0,13,1581091255,35,c3efb5a24128254e3ce674b836a11b12,318.0
津A36463,1581082974.0,1581083274.0,1581083214.0,136,1581083214,32,de94d3cbff5c902955870ebacd33cba6,257.0
津A28551,1581069324.0,1581069804.0,1581069708.0,183,1581069708,30,01761627a1fcb7bf7ea024526edace58,419.0
津A29976,1581014193.0,1581014913.0,1581014769.0,60,1581014769,31,34d7edd7d2f891a4e7ee857b3d172048,238.0
津A29289,1581020704.0,1581022444.0,1581022096.0,119,1581022096,32,2dd6abe9f400cbb3c587c92f3acdf467,435.0
津A22443,1581062365.0,1581064045.0,1581063709.0,70,1581063709,33,0f3fdb1dc883e88edff586338e11603f,294.0
津A16902,1581017615.0,1581019415.0,1581019055.0,114,1581019055,33,e12a5c4e0a7b285934e114b840706cb0,203.0
津A28352,1581021984.0,1581023064.0,1581022848.0,32,1581022848,34,accc60c2601e1a8c728f79717bb0a31c,216.0
津A47771,1580988791.0,1580989511.0,1580989367.0,105,1580989367,32,1957923b091dae281db208eeee4ec99a,237.0
津A34236,1581001169.0,1581002009.0,1581001841.0,116,1581001841,33,93e91939251c4c77272899d543903eec,378.0
津A25446,1580997541.0,1580999341.0,1580998981.0,170,1580998981,35,3e4fbfa7ecedaf6bf98a76367d0748d4,406.0
津A22218,1580998924.0,1581000184.0,1580999932.0,12,1580999932,34,3afc6756f3d0a0afcc7c35f4ca3e2095,455.0
津A25173,1580949711.0,1580951511.0,1580951151.0,96,1580951151,30,8ce563805859a066fdd5aae2b8a38ee2,245.0
津A23297,1580944584.0,1580945484.0,1580945304.0,107,1580945304,35,3550c53440fcb0d2d8a3158a759f41ec,377.0
津A48420,1580947968.0,1580949288.0,1580949024.0,172,1580949024,33,5f368ab14c4b983a77196ac4db109e03,482.0
津A22391,1580988803.0,1580989223.0,1580989139.0,30,1580989139,35,77dbc81efd49ddf495f72c0529a3aa7a,436.0
津A87187,1580997691.0,1580998351.0,1580998219.0,186,1580998219,32,b87927e2d2c2723f866bd66850cf04a6,455.0
津A28546,1580946848.0,1580947928.0,1580947712.0,151,1580947712,31,191bd9ccf324d4f4dc30bf10eb3c79c2,334.0
津A25690,1580834959.0,1580836759.0,1580836399.0,92,1580836399,33,09f574151b196a64ab62a65a27545c86,491.0
津A37419,1580883638.0,1580884838.0,1580884598.0,197,1580884598,30,12a1b37eb092dd4aee8d3ee1a8e31fa9,489.0
津A25641,1580857023.0,1580857443.0,1580857359.0,188,1580857359,33,ea8e50642824288a5a22db97ff66d69f,370.0
津A22912,1580862242.0,1580863022.0,1580862866.0,190,1580862866,32,47245cafa6380d75c961bb3a182d1270,454.0
津A15147,1580881840.0,1580882740.0,1580882560.0,77,1580882560,35,6bfe4d05afb86589253bf4e49b8fec1e,263.0
津A13076,1580905413.0,1580906253.0,1580906085.0,165,1580906085,34,c43a7f38c7aecd4cfbd1c2c96e877c78,286.0
津A46613,1580896365.0,1580897805.0,1580897517.0,173,1580897517,32,358888dc8d70d89880087c11319acf8d,241.0
津A36971,1580889597.0,1580890137.0,1580890029.0,40,1580890029,32,7347d1546c8323b9872cedb0044cdb3f,469.0
津A26662,1580907117.0,1580908197.0,1580907981.0,54,1580907981,30,7af679e6ca1b7c0cd1cc640603c28c21,321.0
津A35443,1580858857.0,1580859277.0,1580859193.0,179,1580859193,30,b57189eeed1441bda228a42b11423be2,295.0
津A11085,1580830562.0,1580831702.0,1580831474.0,173,1580831474,32,5bc17bf10414364f0189474f678f9c0b,469.0
津A34719,1580773719.0,1580775279.0,1580774967.0,90,1580774967,33,68491b317b83c3cb66aae9a1c1244710,302.0
津A46949,1580784187.0,1580785627.0,1580785339.0,103,1580785339,34,2c4d94b18e4be21168d19cb0ac95a98c,350.0
津A19862,1580781152.0,1580781512.0,1580781440.0,142,1580781440,30,8abff920cc20c508dffb524981dfdf5b,427.0
津A34950,1580798822.0,1580799902.0,1580799686.0,151,1580799686,33,19f3da21358e19048dac9f16e081f468,361.0
津A15745,1580823138.0,1580823558.0,1580823474.0,13,1580823474,31,d3ebebf6977b4b13573d7f1f178e440c,277.0
津A42464,1580768855.0,1580770415.0,1580770103.0,179,1580770103,34,4dd061d6db2c312cf8c41656d3ed55f3,385.0
津A40209,1580785145.0,1580786525.0,1580786249.0,33,1580786249,31,34b26c0d1279d5904e71c437e6c0623e,387.0
津A72341,1580803718.0,1580804318.0,1580804198.0,172,1580804198,30,37a9b39361a4776bbe1d561692396ecf,419.0
津A15785,1580798524.0,1580799184.0,1580799052.0,92,1580799052,34,16f58ef262098a9b8e2520137d4dc82d,285.0
津A38820,1580731311.0,1580732271.0,1580732079.0,189,1580732079,33,4f2ca73d37d7467f72cbf19278822e6f,482.0
津A28866,1580660252.0,1580660972.0,1580660828.0,192,1580660828,30,0bea47fd6601f12828ea92cb2b4c5b57,388.0
津A36650,1580716116.0,1580717016.0,1580716836.0,16,1580716836,33,0449e1fd218bfbc64291718ccb631bea,242.0
津A45522,1580720749.0,1580722309.0,1580721997.0,122,1580721997,32,b091f1b3e012d915454e3dea5759bcd8,263.0
津A35203,1580665621.0,1580667061.0,1580666773.0,23,1580666773,32,1203fffbccb5751f3dca238d3080764d,301.0
津A30188,1580669209.0,1580669749.0,1580669641.0,168,1580669641,31,b42627c0ad03e8ca25a3a68c02b11c9f,253.0
津A41207,1580743836.0,1580744496.0,1580744364.0,61,1580744364,31,ea27521be832d9a68f38a4e2f302a1d0,439.0
津A15764,1580732002.0,1580733082.0,1580732866.0,165,1580732866,35,fe24d9d3d6d7720a1cc9c2e42ad299c2,256.0
津A22069,1580710554.0,1580711874.0,1580711610.0,154,1580711610,32,2d581b3f43a2cdb1555042be86494ff6,234.0
津A33760,1580666092.0,1580666932.0,1580666764.0,151,1580666764,33,c122ed08a095cf2ebdfb874c0d5658f3,461.0
津A86462,1580651392.0,1580652412.0,1580652208.0,67,1580652208,30,a26fa9073816189958062b955c12df42,434.0
津A28743,1580581585.0,1580582905.0,1580582641.0,71,1580582641,31,994bf43050fb2f23d88c74f71e809aec,298.0
津A75630,1580640331.0,1580641111.0,1580640955.0,12,1580640955,32,826b7e296c4c9883a17970394d7cbc20,286.0
津A48082,1580621272.0,1580621692.0,1580621608.0,193,1580621608,31,84f45d37f72d3847d63d12b434ec7bcd,247.0
津A40272,1580649950.0,1580651210.0,1580650958.0,100,1580650958,34,0e2d98978f5e384e6feac24459fe14b9,342.0
津A12913,1580581664.0,1580583224.0,1580582912.0,173,1580582912,31,dce9ad5dbef80ad12865c916cb0619be,395.0
津A19471,1580625612.0,1580626092.0,1580625996.0,147,1580625996,33,733b27e10ac5a012baadf45f01918766,318.0
津A12592,1580643252.0,1580643912.0,1580643780.0,37,1580643780,32,179daede731731bfdbadb2a6b34e5450,223.0
津A20072,1580632781.0,1580633741.0,1580633549.0,178,1580633549,35,64df523552d0b39e6457a94225f3e486,227.0
津A14562,1580625379.0,1580626279.0,1580626099.0,57,1580626099,33,be98cac16a3adcf0cc242eda6c78666d,431.0
津A47825,1580568298.0,1580568778.0,1580568682.0,63,1580568682,30,50175f880d67ac4d003149e4d0b05edf,267.0
津A96117,1580525515.0,1580527315.0,1580526955.0,149,1580526955,30,c95f3b00be8c47263916f674b9c6229f,362.0
津A16250,1580498125.0,1580498485.0,1580498413.0,192,1580498413,34,893da3a958e74e8e78ee34d8394c99ac,497.0
津A16150,1580514641.0,1580515301.0,1580515169.0,18,1580515169,33,4b4e7731d7aa4b8c83febaec0030c424,291.0
津A18200,1580505840.0,1580507040.0,1580506800.0,32,1580506800,32,3165f90ded551291e59bd49028ace33e,447.0
津A44416,1580545038.0,1580546778.0,1580546430.0,85,1580546430,31,e75e57712c082fbe7ada995e1a3feaff,416.0
津A39747,1580526852.0,1580527872.0,1580527668.0,37,1580527668,35,14e7ea2e0e08cc3e476fc061153b49b8,485.0
津A32439,1580525929.0,1580527369.0,1580527081.0,113,1580527081,34,241c99f09fe30bb4ad8ad41c550b1964,314.0
津A85135,1580572750.0,1580573050.0,1580572990.0,33,1580572990,33,fff5d57b2e94fe55f089588187cda41e,242.0
津A63818,1580516417.0,1580517017.0,1580516897.0,114,1580516897,32,f19693ac38dbcd91b6fc6a38f2fdb388,316.0
津A17412,1580415778.0,1580416678.0,1580416498.0,166,1580416498,30,3686533f4fa3cd90669cb718e6ef152b,485.0
津A27156,1580432213.0,1580433653.0,1580433365.0,186,1580433365,34,4e371c99f42dc855f288a5f8e3cf8f4e,406.0
津A37097,1580474077.0,1580474857.0,1580474701.0,135,1580474701,35,2a1f729601a8b1c2383ebb9da0d810a7,243.0
津A10489,1580474160.0,1580475060.0,1580474880.0,187,1580474880,31,4c905e1136557025d3813b439beb06b2,360.0
津A94163,1580429774.0,1580430194.0,1580430110.0,87,1580430110,35,ae3551f1ab2685d8bcb16597d538d817,490.0
津A47511,1580444584.0,1580446024.0,1580445736.0,42,1580445736,32,5a6158e4a8e88d6b921fbbc95a6fc6bb,453.0
津A20055,1580486372.0,1580486972.0,1580486852.0,177,1580486852,30,116df477d8c0b3fff19e26a2ac2dfde7,417.0
津A40914,1580442175.0,1580442715.0,1580442607.0,84,1580442607,30,5587263ebfae11d0754f72b505fdc0c1,304.0
津A39682,1580449277.0,1580450957.0,1580450621.0,54,1580450621,35,eb162814e30c4a85dcda91713e3d086f,256.0
津A57942,1580478432.0,1580479632.0,1580479392.0,59,1580479392,30,b82f10b7eb34ec8bd8683d8c8d769857,352.0
津A47850,1580362396.0,1580364196.0,1580363836.0,140,1580363836,30,5571e97bd29aa603d821699454db479a,333.0
津A20776,1580393964.0,1580395524.0,1580395212.0,129,1580395212,33,94b52a48a0c39cf7acd23dd77f069fba,424.0
津A38398,1580386129.0,1580387929.0,1580387569.0,26,1580387569,30,dd29dcc4307644d105f5d360d5abf3e6,484.0
津A29621,1580365223.0,1580366363.0,1580366135.0,11,1580366135,34,6208cad7504792cf56f1aae3031fc5bc,474.0
津A21033,1580344973.0,1580345573.0,1580345453.0,175,1580345453,31,b74e9cf63ec7f29553bd64959a0bf7a0,435.0
津A44504,1580383742.0,1580385422.0,1580385086.0,38,1580385086,33,2bdaccaa072891d4eda2abc896282257,496.0
津A33405,1580372543.0,1580373323.0,1580373167.0,146,1580373167,32,d11963fbb880ac7816797325fdfee81e,473.0
津A12371,1580373170.0,1580373770.0,1580373650.0,55,1580373650,33,08dccc07a61754619d5d7a2febae6ea2,215.0
津A31471,1580378057.0,1580379737.0,1580379401.0,194,1580379401,35,035a083bbd7a7a3a371100f6c576fd39,438.0
津A18197,1580376520.0,1580377420.0,1580377240.0,107,1580377240,35,3aa2fda898b85a911177b62f9c7e1fb6,320.0
津A20856,1580250737.0,1580251157.0,1580251073.0,152,1580251073,33,92226e848e13f802d6dd1029c6146701,421.0
津A44995,1580233429.0,1580234449.0,1580234245.0,85,1580234245,31,ffcc4136767719579f86fd91ccdef42b,260.0
津A30980,1580236170.0,1580237250.0,1580237034.0,143,1580237034,34,a4547ae61dd44da8557ffdb41a2c77cf,374.0
津A18549,1580253108.0,1580254128.0,1580253924.0,89,1580253924,32,d39b7333e6dee98fa453856da6843f30,255.0
津A32506,1580238126.0,1580239206.0,1580238990.0,188,1580238990,31,ae41e61e4c63bf3a6632dd251a535b89,335.0
津A13399,1580304201.0,1580304741.0,1580304633.0,23,1580304633,31,344055c76a8ab0db2488b5ecfcc19b0d,466.0
津A24098,1580313049.0,1580314189.0,1580313961.0,189,1580313961,34,3d9a0abe6384c44af4f8a4c003c4d687,376.0
津A38764,1580235114.0,1580235654.0,1580235546.0,197,1580235546,31,b1d927f02f1a518a08119339558bee57,327.0
津A19004,1580274931.0,1580276551.0,1580276227.0,37,1580276227,35,2b7b797eeded975a1198ce4935abbba1,203.0
津A11310,1580242119.0,1580242839.0,1580242695.0,133,1580242695,30,276c9943cf5e5659151bd425ce5c0477,362.0
津A10159,1580167817.0,1580169497.0,1580169161.0,1,1580169161,30,c7b4adc7e8be87f410789e47fc7c29c9,428.0
津A44690,1580168866.0,1580170666.0,1580170306.0,74,1580170306,30,571260267f380298019616cbd3ee3b91,214.0
津A30600,1580147673.0,1580148873.0,1580148633.0,82,1580148633,32,345054fe0aefccc406daee3d7c99cfe6,488.0
津A20051,1580212804.0,1580213644.0,1580213476.0,18,1580213476,31,63cf0b18419f93cdcd0924a1ca554b62,461.0
津A37695,1580147862.0,1580149002.0,1580148774.0,21,1580148774,31,ddd1702d406f7e6a32e94c10d8835c3d,404.0
津A41700,1580170693.0,1580171593.0,1580171413.0,138,1580171413,31,f798197e7bd8d1abdcffd157b183cb29,493.0
津A55979,1580171461.0,1580172241.0,1580172085.0,21,1580172085,32,7ececc57fb9986652e5be8d66166c24f,258.0
津A17464,1580190108.0,1580190528.0,1580190444.0,106,1580190444,31,9bc6f988b8e6efa623b8284f68ea4e4b,314.0
津A44332,1580179273.0,1580180413.0,1580180185.0,48,1580180185,34,79c461f18fd3c9a2dd7877dac43c241b,479.0
津A31028,1580202499.0,1580203519.0,1580203315.0,12,1580203315,33,0c386e97abfec2c113bef8b9d9cb2730,287.0
津A25092,1580068880.0,1580069240.0,1580069168.0,172,1580069168,35,58243f540bb528686bf739b237b44571,294.0
津A33737,1580136966.0,1580137686.0,1580137542.0,80,1580137542,32,cb4ee1be9a136235e28b83cbe6fd0d84,312.0
津A10906,1580108138.0,1580108438.0,1580108378.0,141,1580108378,31,b6c320183b4fb5cab12cdde26e11ca93,264.0
津A28894,1580102782.0,1580103862.0,1580103646.0,94,1580103646,30,ecc8ae94fe23855e078cc1d6363003cb,467.0
津A60654,1580121817.0,1580122417.0,1580122297.0,15,1580122297,32,774016e72b5154bf7cb1f4506ca72f98,249.0
津A49432,1580080170.0,1580081550.0,1580081274.0,87,1580081274,31,c7056cc0b664498471e5fac41e03a5cf,327.0
津A60457,1580085768.0,1580087448.0,1580087112.0,26,1580087112,35,48143a78e07516725d37ffe3cf2c8289,449.0
津A48576,1580114533.0,1580115613.0,1580115397.0,26,1580115397,33,70bbd0e0928ed00bb3e03a46bad7bb26,412.0
津A40097,1580082302.0,1580083502.0,1580083262.0,187,1580083262,30,16945ba296561aee0aff7e0443e03bfe,305.0
津A27850,1580066047.0,1580066407.0,1580066335.0,80,1580066335,32,5697b6314831c7c1cfcb2bae59705e86,368.0
津A32430,1580005514.0,1580005994.0,1580005898.0,155,1580005898,33,020219e468c66ac89aaa7a39b2783cec,208.0
津A22395,1579982359.0,1579983019.0,1579982887.0,15,1579982887,35,05d196d09635b6d0a8d98c18973a64a7,202.0
津A22703,1579982047.0,1579983547.0,1579983247.0,5,1579983247,31,bbc04ab9414b30d2ff5b05ee4db1b364,463.0
津A39073,1580012118.0,1580013018.0,1580012838.0,72,1580012838,33,39a501ad6f811b89e461239c8c55c01d,269.0
津A27831,1580024451.0,1580025051.0,1580024931.0,12,1580024931,32,6e80cf5bd08049110045a087a2bf1c31,263.0
津A28229,1580007940.0,1580009200.0,1580008948.0,143,1580008948,31,af6452a020bffc00b55ac8a077488d54,392.0
津A11332,1579997730.0,1579998030.0,1579997970.0,86,1579997970,30,dadbbb2f7d9fc03e6722ac887e38b6af,423.0
津A45539,1580029640.0,1580031320.0,1580030984.0,89,1580030984,34,ca62edc7aa48310499cdf22981b5dab4,376.0
津A30050,1580000626.0,1580001466.0,1580001298.0,148,1580001298,34,f9b11dc4ddaadbc8f62fc1c27dd34586,208.0
津A19235,1580028563.0,1580028863.0,1580028803.0,0,1580028803,33,013153601128c7a02f2b3bd3b7aa4c77,279.0
津A26400,1579935065.0,1579935725.0,1579935593.0,43,1579935593,33,e4954777601ab7e68e3fbec5114dc979,449.0
津A76398,1579933681.0,1579934881.0,1579934641.0,152,1579934641,34,f9d650becf4dcde119ec600eb4dff854,289.0
津A48466,1579937148.0,1579938708.0,1579938396.0,7,1579938396,30,121432e4bc556d7baedf803802877016,490.0
津A22172,1579916112.0,1579917372.0,1579917120.0,191,1579917120,35,af96fdac6a4ba00c47537fba1633f87f,279.0
津A18140,1579911076.0,1579912756.0,1579912420.0,186,1579912420,30,ef41481fa5bb495c4bb8650cf5657e31,405.0
津A42813,1579900952.0,1579902632.0,1579902296.0,195,1579902296,31,11e81d34810c8311606aa333f8b436de,379.0
津A16323,1579905209.0,1579906529.0,1579906265.0,104,1579906265,35,10c36ab03e7acaf658bffb7a73277b83,490.0
津A47755,1579949249.0,1579950209.0,1579950017.0,93,1579950017,34,a9ba9ee62253aa6672816a0fdaaae2b2,310.0
津A37726,1579954476.0,1579955796.0,1579955532.0,154,1579955532,33,81221bd99cd3cf4a38deae3704e36856,424.0
津A48177,1579960375.0,1579961095.0,1579960951.0,186,1579960951,34,4bbf63d5b29805f2f9f9966925340a51,457.0
津A24189,1579808683.0,1579809463.0,1579809307.0,171,1579809307,34,b3312af163fc77e03e0423abc51210f9,433.0
津A48551,1579860541.0,1579861861.0,1579861597.0,57,1579861597,30,b2952a9c6f433db6b796e4e7399eb627,285.0
津A77480,1579876613.0,1579877933.0,1579877669.0,118,1579877669,30,7c0ee1d45583c13d0d8ebad9ce5c8655,493.0
津A26490,1579868646.0,1579870026.0,1579869750.0,145,1579869750,34,3e388e2ffd65992bbf19012f709deb63,337.0
津A31463,1579818942.0,1579820202.0,1579819950.0,58,1579819950,30,b896c333c42d9a866a3cb2774e7eb258,346.0
津A24603,1579871697.0,1579871997.0,1579871937.0,46,1579871937,35,e20b9c3d0e53c2116d8c8902c3822139,309.0
津A20506,1579866665.0,1579867625.0,1579867433.0,19,1579867433,35,da7aaee6b6a5d9373c8497b6ee60ef10,404.0
津A11763,1579836322.0,1579837942.0,1579837618.0,101,1579837618,32,82acc7503149819241a8e91d38ad4f7d,345.0
津A47311,1579803055.0,1579803535.0,1579803439.0,25,1579803439,32,54420a98ca43d1a250731cfdc03f7587,322.0
津A34242,1579878498.0,1579880238.0,1579879890.0,95,1579879890,31,da5d90f7ce625e19edb7f28c0f009d5d,472.0
津A47842,1579768686.0,1579770426.0,1579770078.0,73,1579770078,30,77aefc6a12b2910b84f7214b67c9aecf,327.0
津A26968,1579757077.0,1579758097.0,1579757893.0,128,1579757893,30,7e98174604a73cc4b7c7129f9bb6c464,340.0
津A52464,1579752713.0,1579753793.0,1579753577.0,13,1579753577,35,092413d25520ec06ea9b488f46a2864d,213.0
津A31714,1579767736.0,1579769536.0,1579769176.0,127,1579769176,30,49f2f3e69f6aed9e7800ee3038c2296b,391.0
津A40409,1579726789.0,1579727869.0,1579727653.0,149,1579727653,33,ab6d234f05c2bd25213bc521fab3f7ea,396.0
津A13156,1579726063.0,1579726843.0,1579726687.0,125,1579726687,32,c2bba5618ed0d8f33b9c69d1cb87d0a2,217.0
津A99450,1579775527.0,1579777027.0,1579776727.0,74,1579776727,30,3cdad25060264eeb816b650f252fd67f,471.0
津A13130,1579778444.0,1579779044.0,1579778924.0,39,1579778924,33,3ce80f84bc0671dda34ce90b7d41bf79,217.0
津A40415,1579781624.0,1579782344.0,1579782200.0,176,1579782200,34,4e08a5f9ebd3d7c152f8ebc7dc7c36ea,217.0
津A37863,1579743500.0,1579744280.0,1579744124.0,52,1579744124,32,92913a5bcaafd7096f3f1180a98b4994,232.0
津A12488,1579674419.0,1579674719.0,1579674659.0,121,1579674659,30,c12e8a4ae7cd1124f35372d36cbe9a94,320.0
津A54819,1579629991.0,1579631671.0,1579631335.0,16,1579631335,32,c2072e6a9a66fc9e05093d0857486df8,252.0
津A33698,1579669260.0,1579671060.0,1579670700.0,134,1579670700,30,640fbdb5e9e8e42173e4ebbff6b489ba,294.0
津A42328,1579644191.0,1579645391.0,1579645151.0,153,1579645151,31,7e05632e6f1809b6d95a0d2f7c6b6421,434.0
津A35161,1579646434.0,1579647334.0,1579647154.0,121,1579647154,32,51b35480d295df87805abcb95de41af6,231.0
津A22445,1579687212.0,1579688232.0,1579688028.0,162,1579688028,30,24b8c541bdc751437d88f93081e7e9d7,242.0
津A18835,1579622508.0,1579622868.0,1579622796.0,101,1579622796,32,0d670803a34c25737f4965d3ed3ca4f6,359.0
津A22893,1579664344.0,1579665844.0,1579665544.0,33,1579665544,34,eb4c3e71e6792c37360ff163fd183ec0,430.0
津A45186,1579672782.0,1579674522.0,1579674174.0,155,1579674174,30,3f02fb227e091caab339056d26812bd2,282.0
津A14006,1579689774.0,1579690254.0,1579690158.0,142,1579690158,35,bc315186e53ffca26fdfa333aee235d7,352.0
津A59897,1579557723.0,1579558083.0,1579558011.0,62,1579558011,30,b0ee8dc47e73a0c2bb1cfa167fe118be,346.0
津A52587,1579613890.0,1579615030.0,1579614802.0,43,1579614802,31,e295313a3ac722ed2ece62cf0d79a619,405.0
津A46613,1579589100.0,1579589700.0,1579589580.0,170,1579589580,32,358888dc8d70d89880087c11319acf8d,206.0
津A17822,1579584666.0,1579586166.0,1579585866.0,97,1579585866,33,b9faf051f32351f1dc7539da3b991e5c,209.0
津A18825,1579583099.0,1579583939.0,1579583771.0,139,1579583771,31,b3d8cb282c1066d6ea4c63cc01edc8b7,309.0
津A36743,1579620164.0,1579621004.0,1579620836.0,180,1579620836,35,35470f6ff292ca7cc315c308e27537e2,236.0
津A26012,1579570339.0,1579571479.0,1579571251.0,108,1579571251,30,c9cdb71b0a398d84291245420f10980c,434.0
津A49974,1579558241.0,1579558841.0,1579558721.0,136,1579558721,32,fe666a07dd2c5bc7aaa2513990c8446b,360.0
津A55238,1579549018.0,1579549918.0,1579549738.0,63,1579549738,31,8237e27200312387057674107a8b8df1,424.0
津A76140,1579538048.0,1579538828.0,1579538672.0,24,1579538672,32,67873b0f3d7e0e838fe8b784cb20516c,439.0
津A42785,1579454460.0,1579455120.0,1579454988.0,151,1579454988,32,35f8dabf12017fcb5b6dfd2daf094d53,429.0
津A44918,1579471991.0,1579472291.0,1579472231.0,42,1579472231,35,19ab1acf7f9628d7089fa8427e8aa1a6,317.0
津A10460,1579492141.0,1579493221.0,1579493005.0,113,1579493005,31,d7dc0425ff2a8c031d4d265afaff7712,208.0
津A87530,1579465303.0,1579466683.0,1579466407.0,181,1579466407,30,ecc2bd5a07b7848e19d631d4f78f8d18,237.0
津A32979,1579524117.0,1579525197.0,1579524981.0,103,1579524981,31,fb2dc77718c3b6aeef7860e74936061b,374.0
津A38609,1579473201.0,1579474101.0,1579473921.0,155,1579473921,34,245244cf0f081878a81fb3bcaeb4b343,356.0
津A28354,1579512196.0,1579512496.0,1579512436.0,198,1579512436,32,0a3d244c55dea6f32c01871b0c5f534a,462.0
津A75266,1579498249.0,1579499929.0,1579499593.0,136,1579499593,30,5f54ada74e9fdfb7fa61a29b361a4f13,417.0
津A44589,1579456437.0,1579456917.0,1579456821.0,17,1579456821,35,c5a5b2d7c18713f705ae718f7e4bd697,433.0
津A34550,1579491677.0,1579492577.0,1579492397.0,117,1579492397,32,bf7a2a1ed55defdf87a11b40284b9831,412.0
津A29515,1579445721.0,1579446681.0,1579446489.0,90,1579446489,35,6a205aea88fe3df32b4e7d99efc82286,279.0
津A33898,1579436931.0,1579437531.0,1579437411.0,64,1579437411,31,6e05b5635c60a4d114179c030ea86496,457.0
津A33323,1579422960.0,1579423620.0,1579423488.0,37,1579423488,33,f881e8e0b43ed422b73a1a911728d917,386.0
津A10820,1579383780.0,1579384380.0,1579384260.0,117,1579384260,34,40cd4f5d0608b146475a1e066db85f6a,425.0
津A45305,1579378408.0,1579379608.0,1579379368.0,185,1579379368,34,e12e2234b294369cb25de43b42159be1,235.0
津A35207,1579390070.0,1579391210.0,1579390982.0,2,1579390982,35,bc929e72a12c2cde31e651f1b45cbbfb,387.0
津A49169,1579393200.0,1579393920.0,1579393776.0,56,1579393776,35,cacda955d9bab3ff58b3e332a2b0e241,262.0
津A37754,1579435245.0,1579435665.0,1579435581.0,138,1579435581,32,31d6fe58d15d68551f8c153700cb0bd9,204.0
津A26672,1579418982.0,1579420362.0,1579420086.0,59,1579420086,31,c2f9040d378a1136f00f704a275b0fdc,304.0
津A35019,1579368733.0,1579370413.0,1579370077.0,76,1579370077,31,4ec4edc852d814e299f6304f7eb7aebd,319.0
津A78885,1579356769.0,1579357969.0,1579357729.0,197,1579357729,34,557ce51afb2650573c1e6c3a000784ef,443.0
津A46237,1579308260.0,1579308740.0,1579308644.0,111,1579308644,30,88c43560530abd3690d89029f339cb6c,269.0
津A42339,1579345959.0,1579347279.0,1579347015.0,20,1579347015,32,9c9683294a97fa0836aae986c57f07c3,311.0
津A13888,1579358258.0,1579358978.0,1579358834.0,48,1579358834,32,5749293f3db06cdf09d66545283a1a52,381.0
津A24280,1579322310.0,1579323930.0,1579323606.0,121,1579323606,34,eff2f2f5d12a9876229f2f6df10aa8cf,464.0
津A19129,1579340190.0,1579341690.0,1579341390.0,68,1579341390,34,8428ba3ea8d824f2bb524f4d49f9800a,326.0
津A32252,1579342127.0,1579343087.0,1579342895.0,121,1579342895,35,9671f1fee949f18df95f2057b3454a0a,353.0
津A48566,1579339027.0,1579340107.0,1579339891.0,171,1579339891,32,697dbc7ad264f2ce454fb1b41164d5b0,235.0
津A84550,1579353695.0,1579355315.0,1579354991.0,142,1579354991,31,6f4dd6ff088797bef95f9ffe1153983d,436.0
津A26549,1579320012.0,1579321572.0,1579321260.0,68,1579321260,30,1aab52290b64194101050ef1a6ab7004,397.0
津A24145,1579244669.0,1579245629.0,1579245437.0,29,1579245437,31,2573fa7a55ffd9c8018074061b88b678,258.0
津A45856,1579270610.0,1579272230.0,1579271906.0,52,1579271906,32,248b9da0c0e83c1c6583fe9ecce3c74d,223.0
津A22219,1579233037.0,1579233817.0,1579233661.0,70,1579233661,33,b83e53ac5a8a9b8c3350df342ef460f7,274.0
津A24638,1579221061.0,1579222381.0,1579222117.0,147,1579222117,31,12a94afb0d399acb9f9bf9c164e08d9b,443.0
津A31571,1579245857.0,1579247117.0,1579246865.0,153,1579246865,33,1c96f568cbe496d5414b3f5d3b2207bc,218.0
津A36807,1579269957.0,1579271637.0,1579271301.0,188,1579271301,31,6cc45cbb640c945354868c7d5d94a706,397.0
津A25515,1579245613.0,1579246153.0,1579246045.0,152,1579246045,34,a26928ba7176c9bde9a78c7c542e88ef,397.0
津A18688,1579265655.0,1579266435.0,1579266279.0,112,1579266279,35,d9ff47a1c3284d0408198e6673966feb,383.0
津A19497,1579223562.0,1579224822.0,1579224570.0,80,1579224570,35,11b522bd9c05555252095464ed1bdc21,393.0
津A47025,1579223248.0,1579224328.0,1579224112.0,3,1579224112,32,84c810879ede0c99d984a6f2d8905a6a,485.0
津A17262,1579114625.0,1579114985.0,1579114913.0,149,1579114913,32,bcf5e33a77ec89fecda8e3ee0a60cda2,273.0
津A17178,1579141006.0,1579142506.0,1579142206.0,172,1579142206,35,a383ff409c9b3014f48a1d328e9634e4,267.0
津A16738,1579120316.0,1579120856.0,1579120748.0,22,1579120748,35,e221c4fce059897a789c56c42e6b89f7,326.0
津A42820,1579118351.0,1579118771.0,1579118687.0,65,1579118687,34,a7d7f7f51b3bf040c58cb9bac842702c,226.0
津A34393,1579121637.0,1579122057.0,1579121973.0,62,1579121973,33,9b57990993a6562ba2a8bfbc7b3b8325,200.0
津A49870,1579160827.0,1579162567.0,1579162219.0,192,1579162219,34,5a8a8dd86c5f59f1793e00619445c355,389.0
津A40758,1579129931.0,1579130471.0,1579130363.0,187,1579130363,33,984fe3aeb5c94d98a65e8d2bf5f38acf,494.0
津A18726,1579148392.0,1579150072.0,1579149736.0,91,1579149736,35,3940121610ba39c15d918686de2428a5,467.0
津A41936,1579108230.0,1579109790.0,1579109478.0,46,1579109478,33,d13d6686445f56b1b161b1f8ee846ee9,370.0
津A33016,1579176434.0,1579177934.0,1579177634.0,96,1579177634,32,c64d21903251e3c23c23dbae491ef700,234.0
津A99959,1579047638.0,1579047998.0,1579047926.0,46,1579047926,33,281b647d95219ffbd7c61c2adbc63f22,249.0
津A29765,1579064229.0,1579065069.0,1579064901.0,100,1579064901,31,d8e8eac172737dbc4a1005f2bfd4e8e8,468.0
津A15373,1579022492.0,1579023992.0,1579023692.0,112,1579023692,35,a6ff7cedcc3aebdd65994a22b3fce586,491.0
津A31083,1579053388.0,1579055068.0,1579054732.0,134,1579054732,30,15f4bf515b5ca2d466a6baaac9a3ded0,388.0
津A49428,1579098394.0,1579099834.0,1579099546.0,16,1579099546,32,01b8ed8702c19e9a66db88c70b812831,246.0
津A26031,1579075871.0,1579077431.0,1579077119.0,40,1579077119,34,36e583668ea486317a9176957d24c665,355.0
津A18949,1579095844.0,1579097104.0,1579096852.0,135,1579096852,30,6cfeaeaece08853b56e115cb8930d056,381.0
津A83643,1579097268.0,1579097988.0,1579097844.0,45,1579097844,33,a81861486246784068fa2aaae2d82055,352.0
津A43787,1579022828.0,1579023728.0,1579023548.0,169,1579023548,32,bccba316663dbacda18c7eaa72643d2e,399.0
津A32781,1579023522.0,1579024182.0,1579024050.0,111,1579024050,32,65043cfd08716316396a94463cf3c9c7,445.0
津A16814,1578983981.0,1578985061.0,1578984845.0,93,1578984845,30,607bf59c3c98467ef9ca75a19d81ded1,483.0
津A25480,1579017528.0,1579018668.0,1579018440.0,146,1579018440,34,f37231d29bb57fc59ff19c73019c2893,493.0
津A55580,1578970549.0,1578971989.0,1578971701.0,143,1578971701,32,0ba5323b9102c53aad88c1a8fa03434b,361.0
津A97525,1578987871.0,1578989131.0,1578988879.0,146,1578988879,35,4808c6520a5f55495ce50b99cb79492a,310.0
津A35710,1578949310.0,1578949970.0,1578949838.0,150,1578949838,35,3639209d18ed302eaeafc3237309c1a3,287.0
津A14853,1578931793.0,1578933293.0,1578932993.0,107,1578932993,31,45648880a41048419a1866e5bf2e9fd7,275.0
津A26784,1578974869.0,1578975409.0,1578975301.0,93,1578975301,34,470cb2170273d3c9ed5de22b9f69aa84,438.0
津A26639,1579002556.0,1579003696.0,1579003468.0,76,1579003468,32,70e92ee89a77c2d7f5cc8e0d7e72054e,292.0
津A21593,1578965896.0,1578966436.0,1578966328.0,74,1578966328,31,485ac9ea0093f268127015447ee206bc,271.0
津A14777,1578947423.0,1578948683.0,1578948431.0,36,1578948431,34,e7b3998c5e9e1623f6910ff3bf1b448a,397.0
津A38574,1578906560.0,1578907820.0,1578907568.0,181,1578907568,35,5dd1c5b35070b1142832cfc84cb32005,448.0
津A11983,1578915340.0,1578916120.0,1578915964.0,193,1578915964,30,75f9101a890908dc6080fe20ec57917e,389.0
津A34240,1578849237.0,1578849537.0,1578849477.0,188,1578849477,32,47aa396493f4c8c24447c635d6722b61,433.0
津A60904,1578920198.0,1578921398.0,1578921158.0,181,1578921158,35,6892f775a464cd8099c3b379e12ea3df,287.0
津A31572,1578877779.0,1578879099.0,1578878835.0,95,1578878835,31,654516235f4f295c674d990e8a6a5519,485.0
津A70424,1578858147.0,1578858567.0,1578858483.0,99,1578858483,32,2a86ad94b1b272a12e5dd7661564ae7d,202.0
津A37823,1578876918.0,1578877338.0,1578877254.0,126,1578877254,33,c2dbf4164729d42d58885871c13877a6,256.0
津A39591,1578864488.0,1578865088.0,1578864968.0,51,1578864968,32,677fc62a336c777f82934208ca37a8e2,388.0
津A70858,1578868162.0,1578868762.0,1578868642.0,122,1578868642,33,cce10f4ef0a3e378a84225da8d37ba71,414.0
津A13743,1578926957.0,1578927437.0,1578927341.0,131,1578927341,32,83164445c5049022673be19d5012bb84,385.0
津A46764,1578815382.0,1578816882.0,1578816582.0,189,1578816582,33,cb3b3690bad7f10b711ce8782b4e8164,229.0
津A24458,1578766489.0,1578766909.0,1578766825.0,140,1578766825,30,08b90d3efe03b0ed34d07452fee1e653,288.0
津A94653,1578771827.0,1578772967.0,1578772739.0,195,1578772739,33,2a216adbc87e8c6a73aa2fc5d59832bd,396.0
津A28634,1578780387.0,1578781047.0,1578780915.0,153,1578780915,30,f257ec08ca724cf6dbd84ad97ab9843a,482.0
津A19279,1578789124.0,1578789844.0,1578789700.0,145,1578789700,34,a7f4e8ebb54b3153a3fff2321d497fb2,365.0
津A12284,1578830690.0,1578831110.0,1578831026.0,122,1578831026,30,a8ac4324f93d8603905ea04a9d1d54ad,243.0
津A47106,1578840204.0,1578840804.0,1578840684.0,26,1578840684,35,79bec23b2c4e6113d8fd29c23e26f08d,378.0
津A43278,1578788498.0,1578789998.0,1578789698.0,164,1578789698,30,c45fa7a35f898dd32a16a3bf432b2118,295.0
津A28070,1578801505.0,1578803005.0,1578802705.0,187,1578802705,34,c3cbb8c95017472ed9af2793b318d374,347.0
津A37835,1578831526.0,1578832186.0,1578832054.0,151,1578832054,35,1a424dc6b318a5d6d74a1e666baf2db2,493.0
津A17964,1578706091.0,1578707831.0,1578707483.0,88,1578707483,34,1b990c57f36779c8eb05f226c54dc3e5,430.0
津A15788,1578726733.0,1578728533.0,1578728173.0,129,1578728173,35,e9f1c38af3bd6df3dc428a67794af957,500.0
津A46929,1578714766.0,1578716566.0,1578716206.0,152,1578716206,35,36c20a9a81e3f42c39709c9a28c04fa4,285.0
津A33082,1578677758.0,1578678598.0,1578678430.0,119,1578678430,34,9f4998032f652824c004f2f03c0856ea,422.0
津A71063,1578691043.0,1578691523.0,1578691427.0,104,1578691427,32,23fd5a3e375fecc878f63a5ccc3099f7,386.0
津A88652,1578751877.0,1578752297.0,1578752213.0,120,1578752213,31,417fc4656918fbcbe7d8de4f239d3ecb,403.0
津A12325,1578714389.0,1578716189.0,1578715829.0,43,1578715829,35,d660b38f4bb78dcdb42cf5e258403dc3,272.0
津A31242,1578700679.0,1578702059.0,1578701783.0,166,1578701783,32,40362ce06f7e1e4cc3be6e667fc906c0,478.0
津A27622,1578737224.0,1578738304.0,1578738088.0,80,1578738088,30,821655baa0764a6aecb16d1ebc1614f7,500.0
津A16472,1578711740.0,1578712040.0,1578711980.0,45,1578711980,34,e4240d369f558930d5f41356da4ace77,437.0
津A11864,1578641318.0,1578642878.0,1578642566.0,34,1578642566,35,fef4582c16f375b11b35a8ead4c9a0c7,498.0
津A13497,1578643713.0,1578644493.0,1578644337.0,58,1578644337,34,d4784fc2345ad3cb8831279804bd33c3,497.0
津A58312,1578628437.0,1578629997.0,1578629685.0,101,1578629685,30,971eb11227e5db3bef167fd3d44c87be,470.0
津A22334,1578626395.0,1578628075.0,1578627739.0,40,1578627739,33,63f703e3db074f865659fbcfef2c91bc,355.0
津A40472,1578631611.0,1578632391.0,1578632235.0,152,1578632235,31,418680073daf6a52b99f775eac800291,230.0
津A35456,1578606341.0,1578607361.0,1578607157.0,189,1578607157,34,c14a6b5c82bf4e34596ed949839ba8c2,206.0
津A44812,1578605575.0,1578605875.0,1578605815.0,198,1578605815,35,674214badb9445c7486da6911981d241,353.0
津A24593,1578611788.0,1578612688.0,1578612508.0,151,1578612508,30,f7d6e1c4c9b9e11cdc8e62492416aca9,441.0
津A45777,1578591471.0,1578592191.0,1578592047.0,87,1578592047,33,4d70da9c9995a737c4814d5e81570560,332.0
津A42328,1578624433.0,1578625393.0,1578625201.0,76,1578625201,31,7e05632e6f1809b6d95a0d2f7c6b6421,227.0
津A43829,1578507019.0,1578508579.0,1578508267.0,178,1578508267,35,4579f5651ecb0fb9a382a060bf7d250f,300.0
津A47350,1578510895.0,1578511255.0,1578511183.0,69,1578511183,35,3edc1e4019fd80421097713eb22a6903,253.0
津A23955,1578578947.0,1578580387.0,1578580099.0,77,1578580099,32,46f762a0fd8100944022c501b1c799b8,308.0
津A29006,1578579344.0,1578579704.0,1578579632.0,178,1578579632,31,163fe730b3dc1bd3739bda24909a363f,207.0
津A13485,1578572552.0,1578573932.0,1578573656.0,39,1578573656,33,f8a79d906266a6c7acb01b43ce987e32,430.0
津A21750,1578507092.0,1578507752.0,1578507620.0,178,1578507620,30,23ecc3e58d34cb5d74474e5a6a48de59,276.0
津A21237,1578571996.0,1578573016.0,1578572812.0,45,1578572812,34,513becbded6b673c626ebcec339b651a,287.0
津A39540,1578539136.0,1578539736.0,1578539616.0,58,1578539616,35,b00922967bd7a7ab99b6c5eecc46e59c,456.0
津A35417,1578537612.0,1578538092.0,1578537996.0,15,1578537996,34,f9fee8f56b497ed359a960deed401668,488.0
津A48574,1578538284.0,1578539664.0,1578539388.0,96,1578539388,35,33d94ce380f67bc5231970e2a3f3444c,232.0
津A47755,1578462558.0,1578464298.0,1578463950.0,60,1578463950,34,a9ba9ee62253aa6672816a0fdaaae2b2,405.0
津A73251,1578442055.0,1578443735.0,1578443399.0,90,1578443399,32,99456df813bd2cca9ec5b60b445f47c7,488.0
津A31776,1578437349.0,1578437829.0,1578437733.0,172,1578437733,30,fbfc56e4fa8987ab6d7a618c71e3858b,295.0
津A40192,1578428712.0,1578430212.0,1578429912.0,146,1578429912,33,e0234dc76f1a3d35226719221100239a,210.0
津A30243,1578415281.0,1578416121.0,1578415953.0,81,1578415953,33,d3ee913d183fb07f29386595e1e2e72e,417.0
津A24142,1578453912.0,1578454272.0,1578454200.0,153,1578454200,32,abee32037e22a424bc508f471767de4d,440.0
津A22559,1578435673.0,1578436933.0,1578436681.0,69,1578436681,30,a2742efbe4d3d7fa30c171ad2c1d4b3d,284.0
津A48905,1578449337.0,1578450897.0,1578450585.0,168,1578450585,35,69f81893285b18e1f21b02d10393ace0,438.0
津A14647,1578497891.0,1578498671.0,1578498515.0,162,1578498515,33,e5e4b48c8ac72a465d719a59a8e39666,212.0
津A48536,1578493799.0,1578495539.0,1578495191.0,173,1578495191,33,6a0d40a50f1f428d0914683da4740873,349.0
津A89850,1578354571.0,1578355171.0,1578355051.0,155,1578355051,32,809d104ba443ebb43441bd5dae6142f5,256.0
津A42848,1578355827.0,1578356487.0,1578356355.0,115,1578356355,34,607c64635295996018eecf3b2a059e84,325.0
津A79212,1578381856.0,1578382936.0,1578382720.0,119,1578382720,32,d9e26e3944e068f3ce345574447b34b9,428.0
津A18729,1578346931.0,1578347291.0,1578347219.0,63,1578347219,31,7f65461dd1aef8c79767e649135d6004,298.0
津A21990,1578406347.0,1578406827.0,1578406731.0,117,1578406731,34,3347b5df2e1ddb7d087529c1b4160141,263.0
津A16864,1578384652.0,1578385552.0,1578385372.0,110,1578385372,31,3e4fcda063af84fae6ef48e0f4136ad0,474.0
津A25046,1578354316.0,1578355636.0,1578355372.0,171,1578355372,35,973060ae4311534e2023b4aadcd17b41,478.0
津A31706,1578412455.0,1578413655.0,1578413415.0,28,1578413415,32,9ea864e8a8d02ce36f50caee274641f5,373.0
津A11673,1578349905.0,1578350565.0,1578350433.0,179,1578350433,32,c3d54b511f96817e32c296f9db04cf88,231.0
津A20940,1578382220.0,1578383600.0,1578383324.0,170,1578383324,33,66364d1d784ee8291780d60150d948df,312.0
津A30394,1578255820.0,1578256660.0,1578256492.0,34,1578256492,34,6f09505332e49075b8428dbefb259cb0,421.0
津A11453,1578260494.0,1578261274.0,1578261118.0,186,1578261118,34,bafa5800978ab5ac15239ad3ec915b6e,397.0
津A28465,1578294230.0,1578294890.0,1578294758.0,139,1578294758,32,265af8bd8a9f692961102422b155efb5,219.0
津A39401,1578290223.0,1578291543.0,1578291279.0,107,1578291279,35,d4bdf80f2b9a06969fc130c0794b4851,275.0
津A76742,1578245628.0,1578247188.0,1578246876.0,121,1578246876,32,3b767c9d3c56d21efdb5902ce552b7e0,401.0
津A31308,1578324428.0,1578325988.0,1578325676.0,0,1578325676,31,94ca182cf3b1cc631f9c47b792e12538,466.0
津A12119,1578299877.0,1578301017.0,1578300789.0,183,1578300789,35,60315ba159b8271a4528046f7d5938cb,386.0
津A42042,1578267883.0,1578268963.0,1578268747.0,47,1578268747,35,1d8b1a2008dd392d98868c1226d80dfa,444.0
津A31866,1578264449.0,1578266069.0,1578265745.0,72,1578265745,31,8396ac19fece6012247dbc951494bd70,424.0
津A29906,1578264329.0,1578265589.0,1578265337.0,92,1578265337,35,256218ad905b3c1561e4fef187582471,373.0
津A42767,1578233995.0,1578235195.0,1578234955.0,119,1578234955,30,a78b89afe4bde77d0e7149cb7588e9c5,483.0
津A29950,1578214390.0,1578215230.0,1578215062.0,122,1578215062,30,eb38345fc47d38ac714be73878bbeee6,303.0
津A30213,1578227755.0,1578228235.0,1578228139.0,119,1578228139,32,a78049b57af766f3d88f03b06e753612,390.0
津A48035,1578216284.0,1578216584.0,1578216524.0,117,1578216524,30,b318b545f76c443baf703e0fdef5e8e8,296.0
津A25357,1578234797.0,1578235637.0,1578235469.0,188,1578235469,32,86fb7735647212a4ac96866715400ee6,247.0
津A16924,1578191698.0,1578193378.0,1578193042.0,76,1578193042,34,76fa70c7cb3b0e60d0e09110cbbf2298,206.0
津A68412,1578213683.0,1578214823.0,1578214595.0,141,1578214595,34,e0e2d3d0e3ba2e426340daea8cdc255f,237.0
津A28818,1578210877.0,1578211597.0,1578211453.0,178,1578211453,32,2eda5f3643e4d4002063ec5422692036,414.0
津A27612,1578238223.0,1578239843.0,1578239519.0,168,1578239519,35,77e76551cd9f94db1e116fc7ff1ebe51,373.0
津A37894,1578186247.0,1578187087.0,1578186919.0,26,1578186919,35,4557f86573d3e613bbe6377acb26bc5a,209.0
津A54467,1578124609.0,1578125389.0,1578125233.0,156,1578125233,35,3e15d306024186fea0ef82b0944d728e,430.0
津A93395,1578074514.0,1578075174.0,1578075042.0,19,1578075042,35,e73099eff62484cb81402e63c5a04a16,247.0
津A29187,1578143071.0,1578144031.0,1578143839.0,50,1578143839,30,32398236999db87a32c433ea9eeb7ae1,500.0
津A12340,1578079289.0,1578080069.0,1578079913.0,111,1578079913,31,1af47705211c0359dc5d210ec9a469f3,239.0
津A44907,1578105638.0,1578106238.0,1578106118.0,20,1578106118,35,4aba610d3e28491c729c75a7a333bdbc,297.0
津A35137,1578071310.0,1578072930.0,1578072606.0,89,1578072606,32,6aa63fab89c27a9556fc6b09576b2cee,371.0
津A12698,1578109120.0,1578109600.0,1578109504.0,27,1578109504,33,d46497d1229ba70b5f454c43a5e163aa,484.0
津A98872,1578148277.0,1578149237.0,1578149045.0,17,1578149045,33,01948b7c63d89503aa862148e38c9ebe,394.0
津A26000,1578093722.0,1578095462.0,1578095114.0,103,1578095114,31,e08b195a4f5eb2714012c9b8496a7ba3,348.0
津A48030,1578149555.0,1578150155.0,1578150035.0,192,1578150035,31,01471690e39f2ec2166e314066f5d216,290.0
津A43366,1577986001.0,1577987381.0,1577987105.0,62,1577987105,34,58c7d7f67fb037f9cf0b9bd4487e8f6b,332.0
津A95843,1578038248.0,1578039448.0,1578039208.0,38,1578039208,30,d330443de50d410e855e2b78e82e0d3e,338.0
津A17409,1578061731.0,1578062031.0,1578061971.0,117,1578061971,30,fdd72f9e92df92341421de88f98f6b0a,411.0
津A34218,1577993029.0,1577994349.0,1577994085.0,70,1577994085,34,3ca6a19a80981bfd802a2ffd2c33ecc6,368.0
津A31288,1577991116.0,1577992316.0,1577992076.0,125,1577992076,30,641207fc55affd49d609379a02a713be,237.0
津A22634,1578030278.0,1578031958.0,1578031622.0,79,1578031622,32,1803e72791e38ad4fc0ee4810ef1f447,283.0
津A13245,1578006321.0,1578006741.0,1578006657.0,86,1578006657,33,de2252aca76d20d04940cd76fad831fe,239.0
津A22306,1578053640.0,1578054780.0,1578054552.0,109,1578054552,30,f328ce54ea935dad3194f7e2fb943273,314.0
津A34145,1577999208.0,1578000288.0,1578000072.0,190,1578000072,34,6b84e62f485a7741c7bd86e2e0446748,431.0
津A35703,1577981235.0,1577982375.0,1577982147.0,171,1577982147,31,6f3d4b7ab3c8e5e64b707e82224f3605,247.0
津A11783,1577937810.0,1577939550.0,1577939202.0,137,1577939202,35,ab56a0fcde7dde075e96d9bcf27b1631,385.0
津A34912,1577925150.0,1577926830.0,1577926494.0,124,1577926494,30,ff1aa95c5e1c89f7b59c407a11c32a35,337.0
津A13964,1577963260.0,1577963860.0,1577963740.0,5,1577963740,34,4c54f07639a19034449b2504327a8727,444.0
津A38860,1577937660.0,1577938260.0,1577938140.0,13,1577938140,30,84e4bf9a34abe181572f9b782831af5b,244.0
津A30444,1577928882.0,1577930202.0,1577929938.0,33,1577929938,33,3f83c4681eddcdd6937ff0b3772bbba3,247.0
津A13218,1577955883.0,1577956663.0,1577956507.0,99,1577956507,32,ea2ece85f40673117830083dd951eaf5,233.0
津A35415,1577901285.0,1577901585.0,1577901525.0,115,1577901525,32,5acd0eccc829c536a090dc7cb9d7b30f,287.0
津A19156,1577953002.0,1577954502.0,1577954202.0,134,1577954202,35,1f46d551ce5ed7e6a97e280bdb2fbd06,227.0
津A19729,1577980475.0,1577980835.0,1577980763.0,16,1577980763,32,36f74ce25eb6f903d304c0bdd791fb2d,468.0
津A62629,1577936333.0,1577937113.0,1577936957.0,33,1577936957,30,53d0d67c889981c5abb5652ba394d423,310.0
津A17017,1577826101.0,1577827481.0,1577827205.0,4,1577827205,31,8d14af289b113f5470e7cac2c3f8a7f8,308.0
津A31551,1577843310.0,1577844210.0,1577844030.0,182,1577844030,31,6f955b4a294745a6e9cc2bb645c1482c,441.0
津A64127,1577872265.0,1577872805.0,1577872697.0,87,1577872697,32,a56423591dedbb7566128f4272dc6a8d,204.0
津A22568,1577830698.0,1577832258.0,1577831946.0,85,1577831946,32,50f4c4db4414755286136dcf5442d75e,300.0
津A45276,1577879789.0,1577880869.0,1577880653.0,122,1577880653,32,2f49462a43210275873fbbbb4016bd85,486.0
津A47176,1577827064.0,1577828384.0,1577828120.0,141,1577828120,30,99803f44fd1739faee2a773b37d0883f,436.0
津A18624,1577825970.0,1577827050.0,1577826834.0,10,1577826834,34,a963d6591a6dc7b357bf76f79658a6b3,323.0
津A91368,1577833093.0,1577833813.0,1577833669.0,183,1577833669,31,a325821584769ec9d902be6e66ad622f,252.0
津A31126,1577860288.0,1577861728.0,1577861440.0,72,1577861440,34,a7b627fdbb70ec5e103913060e21b518,255.0
津A38027,1577871252.0,1577872212.0,1577872020.0,112,1577872020,34,881e782e862a0ef74129502e41f16235,404.0
津A90824,1577797395.0,1577798355.0,1577798163.0,111,1577798163,34,4a13f4809ab3b31c0dc4466de1d63447,366.0
津A30995,1577795264.0,1577796524.0,1577796272.0,141,1577796272,35,278f8627b45a5a124e526eb8248f5301,481.0
津A13808,1577737176.0,1577737536.0,1577737464.0,49,1577737464,35,3e6c532364e6846a9ff423ef5244850c,284.0
津A42479,1577774065.0,1577775505.0,1577775217.0,35,1577775217,32,c185a3ee883f8ec0d692651ff39ab871,470.0
津A22888,1577756495.0,1577757575.0,1577757359.0,26,1577757359,32,8f2fd6542c17e6752f77571c13881f30,227.0
津A48417,1577750479.0,1577750779.0,1577750719.0,17,1577750719,31,77ab1a5cd0cd72494376a3d950aec981,408.0
津A28195,1577730880.0,1577732320.0,1577732032.0,186,1577732032,32,b90885d395fad567da4bc3c6506fb5ec,203.0
津A42411,1577732389.0,1577732929.0,1577732821.0,71,1577732821,34,71698fb3dc01fd4d892378dc37f3098a,467.0
津A15848,1577732776.0,1577733916.0,1577733688.0,26,1577733688,33,96560708597ba86849ee7058b5848e21,460.0
津A24517,1577737813.0,1577738533.0,1577738389.0,22,1577738389,30,d69e2324a2f6d5e1beb97c77a5171a27,488.0
津A47218,1577647359.0,1577648019.0,1577647887.0,128,1577647887,31,b76298e35dd0d4da3a8cc2bd5e2badd7,434.0
津A35713,1577687073.0,1577688513.0,1577688225.0,107,1577688225,34,d5157311132ad00f7db78d75297bf572,254.0
津A22880,1577677308.0,1577678148.0,1577677980.0,11,1577677980,33,899c0af67e214942a05f7f5fb0f32bf3,328.0
津A42248,1577685419.0,1577686979.0,1577686667.0,184,1577686667,33,edd81cecfddd6626312f0203e03eca1c,218.0
津A28661,1577663459.0,1577663759.0,1577663699.0,166,1577663699,30,ce791bbeb2a0609b5b97d1103ea30314,477.0
津A43429,1577710154.0,1577710634.0,1577710538.0,25,1577710538,32,8049b5cb62c01235b523f6f9850e8039,362.0
津A43706,1577680264.0,1577681284.0,1577681080.0,16,1577681080,30,8dd54f950ff631e649fc50488eb63301,235.0
津A19450,1577662849.0,1577663689.0,1577663521.0,199,1577663521,33,be1dc94fea08ae62182aa1bb6e76a272,465.0
津A27456,1577719055.0,1577719955.0,1577719775.0,122,1577719775,35,0bdd519cffb2eee230217a2d1e8f7375,245.0
津A91584,1577716961.0,1577717681.0,1577717537.0,187,1577717537,32,395451e1250a8288870a095edcd379cd,434.0
津A78090,1577619498.0,1577620158.0,1577620026.0,122,1577620026,32,28e4e06120c0eb5fe97f9783a1db756b,326.0
津A73020,1577594213.0,1577594513.0,1577594453.0,90,1577594453,32,33ddafda1e89f820abd031d3fba834f6,378.0
津A30756,1577552385.0,1577553885.0,1577553585.0,124,1577553585,30,df8bb4a78d36e559a16ecc65c56b3fed,200.0
津A23451,1577571711.0,1577573031.0,1577572767.0,196,1577572767,30,2cf00731a1416b839ef01cb91a812b31,267.0
津A45407,1577598927.0,1577600247.0,1577599983.0,35,1577599983,30,7a2aa709988730128c49ce7c36bad6b4,248.0
津A24666,1577620926.0,1577622426.0,1577622126.0,129,1577622126,32,334b26cb51808b2de2a9b9a9660e8bae,483.0
津A39993,1577590522.0,1577592022.0,1577591722.0,188,1577591722,35,066e1b348acbc6f2b28d8710bc0d38c5,416.0
津A18828,1577565385.0,1577565865.0,1577565769.0,111,1577565769,33,00ce1fccf2babdab19e74d4ca8a9ebb4,461.0
津A32612,1577553735.0,1577554815.0,1577554599.0,90,1577554599,31,7af2588507bdb13e4ec997a094c44f93,353.0
津A47530,1577584247.0,1577585087.0,1577584919.0,163,1577584919,33,b97fe11ff2e6a4d92f5e8b2fb5a6ba6f,352.0
津A38571,1577517003.0,1577518563.0,1577518251.0,188,1577518251,35,84da1aeb49686029acb6e452fb0e7c37,226.0
津A19113,1577540738.0,1577542538.0,1577542178.0,93,1577542178,33,1e133cf72c72568bb8504048185ec639,439.0
津A42711,1577481447.0,1577482947.0,1577482647.0,178,1577482647,34,d252301596a336a51c1b168e247ff582,365.0
津A23868,1577500357.0,1577501977.0,1577501653.0,31,1577501653,32,4b36c35743a85731c943078e090433e9,343.0
津A44745,1577528585.0,1577530265.0,1577529929.0,153,1577529929,31,af71032a425e27a74a5d7a2fd8630268,380.0
津A13980,1577499036.0,1577500836.0,1577500476.0,177,1577500476,33,f4a709ac5d88bad97565980745f65870,261.0
津A41889,1577482538.0,1577483018.0,1577482922.0,57,1577482922,34,d75ac5bafee03ea7cdbce66fce0070d2,210.0
津A42936,1577533210.0,1577535010.0,1577534650.0,46,1577534650,33,5377cecb174a94cf680f3ab1dcdefd83,385.0
津A14295,1577512483.0,1577513923.0,1577513635.0,178,1577513635,33,122361ad33be3a3f834278ac51bb569c,499.0
津A79565,1577494108.0,1577495428.0,1577495164.0,103,1577495164,31,83ca13277e7cee5b504d8bef47a94dfa,417.0
津A43236,1577452490.0,1577453030.0,1577452922.0,110,1577452922,33,0a1bee6fd1310950d7e131d27c92858a,437.0
津A32007,1577440271.0,1577440631.0,1577440559.0,153,1577440559,35,1ecba906984efbd0f0c4e87b451d41e2,315.0
津A10907,1577417495.0,1577418575.0,1577418359.0,5,1577418359,33,b67f1037edfc610834c07fe5bafc3844,281.0
津A17870,1577398726.0,1577399866.0,1577399638.0,13,1577399638,32,4f0070450bd23cdbf2e95b961f03423b,280.0
津A23862,1577385353.0,1577387093.0,1577386745.0,93,1577386745,30,9f9e665666c901254977dd2d8343c292,427.0
津A33733,1577426177.0,1577426837.0,1577426705.0,67,1577426705,33,22135a09dec7fc5931f8b0ae4e1fc2dd,464.0
津A35933,1577427805.0,1577429185.0,1577428909.0,72,1577428909,32,75475e850ef657beeba8d8e7dabb4289,479.0
津A77924,1577456611.0,1577458291.0,1577457955.0,191,1577457955,30,4659f8e998a45c4226c7a14a53f60e56,441.0
津A32401,1577383013.0,1577384033.0,1577383829.0,55,1577383829,32,3dcae26987114482fbf28d7eac081501,395.0
津A44559,1577422144.0,1577422744.0,1577422624.0,61,1577422624,33,ba5b45af8b5eba43f797f21b7fcf02e1,420.0
津A42015,1577351618.0,1577352218.0,1577352098.0,50,1577352098,33,eaa57afc4c66bc9d1cdb2c4be8f8f9ef,415.0
津A21648,1577329568.0,1577331128.0,1577330816.0,113,1577330816,31,86b4ee2cfcdac0614e398478f3c317aa,252.0
津A40248,1577366282.0,1577367122.0,1577366954.0,85,1577366954,33,89a41d2c50d99d4adda7b01a764dc154,300.0
津A11295,1577356902.0,1577358042.0,1577357814.0,98,1577357814,31,5ead419cb767fec128ce01f010c740d9,312.0
津A46836,1577371506.0,1577372046.0,1577371938.0,84,1577371938,32,8e8699a22873bfb875e6c9df785818df,352.0
津A31537,1577328214.0,1577329534.0,1577329270.0,166,1577329270,33,f26798e3ec0617d383bad3e1102cce53,217.0
津A34883,1577305721.0,1577307161.0,1577306873.0,115,1577306873,33,32c66abd7b52a3d999dd52d74c7ac75e,444.0
津A40630,1577362595.0,1577363495.0,1577363315.0,193,1577363315,32,6ce0ef331336eefc886b7abface18627,364.0
津A60779,1577299445.0,1577300285.0,1577300117.0,89,1577300117,35,68a4eaa73da57dd5df68423665d4ecf2,496.0
津A65060,1577342773.0,1577344033.0,1577343781.0,174,1577343781,30,72b2eb4c3b908b4749aab82a227a700b,330.0
津A11446,1577276110.0,1577277790.0,1577277454.0,80,1577277454,31,a691fb4778044142d4808bcf65de5a02,312.0
津A27944,1577209713.0,1577211513.0,1577211153.0,14,1577211153,30,f9b50504d9c26c271191549408bed4d0,231.0
津A34053,1577260216.0,1577261716.0,1577261416.0,21,1577261416,35,c214721782a0b669589422938e568ee2,480.0
津A58850,1577235414.0,1577236134.0,1577235990.0,58,1577235990,33,738f06027f5bde9dfb31f2b56aedf535,219.0
津A33679,1577219172.0,1577219892.0,1577219748.0,74,1577219748,30,d0f92572d1911a962c0043de479eb9d9,464.0
津A17888,1577217738.0,1577218398.0,1577218266.0,75,1577218266,35,090bcf3ac6317aabcaeeba8606d65961,406.0
津A11204,1577232648.0,1577234388.0,1577234040.0,112,1577234040,34,7f67cea15f38658d1356ae08ced79309,209.0
津A41149,1577277486.0,1577279046.0,1577278734.0,89,1577278734,35,e2d65b016a8d6d9307512deba62d7d45,458.0
津A14637,1577215436.0,1577216156.0,1577216012.0,181,1577216012,33,1aaa1aadf6263f6a0f430662d274764b,418.0
津A45786,1577221845.0,1577222445.0,1577222325.0,132,1577222325,32,5f919c7c5b87be3a5039ff2c86ff9d25,366.0
津A45176,1577188544.0,1577190164.0,1577189840.0,16,1577189840,30,19eb127f3ac75f9200126e5d9b9523b6,259.0
津A47708,1577173903.0,1577175463.0,1577175151.0,164,1577175151,34,c40c9dee295daf9b17015c58b8fce36b,254.0
津A26993,1577171543.0,1577172743.0,1577172503.0,129,1577172503,33,7b9bd7899a1c2963b45730a92612a06e,324.0
津A81483,1577190928.0,1577191888.0,1577191696.0,76,1577191696,32,57bb0bfa56e39161758bd23f9288f63a,252.0
津A89626,1577132019.0,1577133399.0,1577133123.0,192,1577133123,33,579677816c2c10c5ce887816163d6dc1,458.0
津A54807,1577137506.0,1577138166.0,1577138034.0,97,1577138034,32,21d4370c183f5ddb86d6567e3b53aca6,303.0
津A36267,1577171662.0,1577172442.0,1577172286.0,126,1577172286,33,1b931bcbd4159190d0072c8530cd7394,419.0
津A24366,1577198392.0,1577199772.0,1577199496.0,153,1577199496,30,6b9a4e3ee811723542268371bc9dcbfa,310.0
津A43764,1577182906.0,1577184406.0,1577184106.0,73,1577184106,35,09067e02a950e6a5c960b3e7d5f617de,233.0
津A20779,1577181043.0,1577182723.0,1577182387.0,192,1577182387,31,6d73b91d2cfe04d130990458bf963c85,461.0
津A28471,1577043077.0,1577044457.0,1577044181.0,64,1577044181,32,e2c432e953880e928b09b11fc394f44e,310.0
津A44313,1577038165.0,1577038465.0,1577038405.0,55,1577038405,34,9bce7754963dc79b2e4f283157ab1ae7,430.0
津A49706,1577083665.0,1577084565.0,1577084385.0,129,1577084385,32,a95d50f7bbf140d44fdec435fb2e7717,439.0
津A40052,1577050024.0,1577051104.0,1577050888.0,160,1577050888,33,f76324f140a23f35f9d2c133618020dd,259.0
津A46097,1577072973.0,1577074653.0,1577074317.0,83,1577074317,35,e0c433008613c767c683c257b73fe427,379.0
津A13315,1577098494.0,1577098974.0,1577098878.0,180,1577098878,30,20769d7e8b873d936b25fe062faf589d,404.0
津A35864,1577035899.0,1577036559.0,1577036427.0,76,1577036427,33,42169b8d2bb0908d7960587c10998dfb,395.0
津A15166,1577099398.0,1577100838.0,1577100550.0,151,1577100550,32,7463a6aa19a20bcd9e3a9c4faaa06807,380.0
津A93199,1577034871.0,1577036191.0,1577035927.0,34,1577035927,32,4cccfa4739db8056a6c4048055fc2c04,238.0
津A30836,1577045035.0,1577045815.0,1577045659.0,175,1577045659,30,dbf69a06dd9e41b6655a0b88cbeb322b,278.0
津A16831,1576985969.0,1576986569.0,1576986449.0,144,1576986449,31,36761d08615b3a8f34a09737110a6159,321.0
津A36347,1577007999.0,1577008719.0,1577008575.0,198,1577008575,33,1461b7985e314f1bcaef8c7c405ea860,451.0
津A67767,1577023277.0,1577023997.0,1577023853.0,18,1577023853,35,ef7123a99a5658dcfe056ff5ffefa486,492.0
津A48504,1576972027.0,1576972447.0,1576972363.0,178,1576972363,31,e0ad8fbb39ee45b03098d0ab49b6238b,217.0
津A11937,1576951829.0,1576953389.0,1576953077.0,50,1576953077,31,0b875dad0128ed3b5b0bae284dba4ade,413.0
津A25892,1576967731.0,1576968571.0,1576968403.0,4,1576968403,32,de1a3cbe6fae9c2a763157a7a102a8af,426.0
津A15215,1576986749.0,1576988369.0,1576988045.0,2,1576988045,35,4f8174149ac082a44108ca67077461e2,248.0
津A92678,1576987028.0,1576988108.0,1576987892.0,136,1576987892,34,5e55389424ed0654c8a3d76e78336747,364.0
津A36793,1577020975.0,1577021395.0,1577021311.0,75,1577021311,31,fabc9a2b43c4592eba0e693d579ac72b,377.0
津A29704,1576972592.0,1576974272.0,1576973936.0,70,1576973936,32,f5f32bbc3c43f48352f6eb176da8c41d,404.0
津A23700,1576910244.0,1576911744.0,1576911444.0,132,1576911444,33,9c3c709df38ab91121e6c0a3cb5e9c82,471.0
津A45697,1576918157.0,1576918877.0,1576918733.0,60,1576918733,30,91ed867219e4b20f723f044100baade5,465.0
津A44927,1576901248.0,1576902808.0,1576902496.0,58,1576902496,34,23a823348a79a2f50493662026307809,478.0
津A34872,1576937949.0,1576938609.0,1576938477.0,71,1576938477,32,2a4d2d5f20f97e6e2d1825917c3e0fbc,272.0
津A41576,1576866599.0,1576867319.0,1576867175.0,57,1576867175,33,0ced67932754763bda2739d88bcecc6a,403.0
津A26836,1576894606.0,1576895026.0,1576894942.0,33,1576894942,32,3128762654b279f9ad2b71fe12ce269c,467.0
津A32067,1576929476.0,1576931036.0,1576930724.0,119,1576930724,35,349b70391f39b5a915b3545e9d2bce14,351.0
津A36732,1576918079.0,1576919339.0,1576919087.0,23,1576919087,32,66833df1b54ead19a7ef9f8ba3d4e67c,351.0
津A22034,1576901626.0,1576902886.0,1576902634.0,88,1576902634,34,4d90eb5ed8abc0f22267e971013f55a7,277.0
津A38945,1576901498.0,1576902638.0,1576902410.0,95,1576902410,31,4d1a67acb9eeb31acc08217cef1876e9,445.0
津A32771,1576792814.0,1576793774.0,1576793582.0,165,1576793582,31,049d5e45406f260f3f4f164ad37e7f85,434.0
津A33583,1576804051.0,1576805071.0,1576804867.0,102,1576804867,33,6603f858b94df7a11a4ee2fcd805539e,304.0
津A41734,1576857371.0,1576858091.0,1576857947.0,49,1576857947,30,3951788a537e20b7094983f962712fdd,415.0
津A48650,1576851829.0,1576852429.0,1576852309.0,40,1576852309,31,2a5c61a33a4e8cf9804b866d4d0bea01,433.0
津A14417,1576804396.0,1576805836.0,1576805548.0,170,1576805548,34,1f32a80b348810baa0041e0a3e79b712,425.0
津A37210,1576803643.0,1576804483.0,1576804315.0,121,1576804315,34,2d0d9587b4375231e8fe110922c085c6,234.0
津A23206,1576855032.0,1576856352.0,1576856088.0,72,1576856088,30,01ebdfc2e4679707d066ebdff4ba8e7c,248.0
津A37295,1576825952.0,1576827332.0,1576827056.0,124,1576827056,34,de7cb917ed5e7b82a6f82aaac9244021,318.0
津A43883,1576828295.0,1576829675.0,1576829399.0,190,1576829399,35,82f6ece99d801487deb1975d4d193b9c,298.0
津A12922,1576856829.0,1576858269.0,1576857981.0,41,1576857981,30,c5b2ffa6d430a77972faa5087d054f67,276.0
津A30513,1576695457.0,1576695757.0,1576695697.0,194,1576695697,34,e468ddd01d74a90c64067cf5ed1da451,312.0
津A25351,1576762705.0,1576764325.0,1576764001.0,48,1576764001,34,7a5c0c0642eb73367ff515d8a96be05f,368.0
津A34916,1576705233.0,1576706433.0,1576706193.0,107,1576706193,34,33a8d0358214e76a04303cd6b2ae6ce9,465.0
津A30879,1576706128.0,1576707868.0,1576707520.0,191,1576707520,31,9acadc0332eddb02a5893776dd4f1ec7,396.0
津A12874,1576710382.0,1576712062.0,1576711726.0,149,1576711726,33,95e1d41f086f27ba3516b563f336b939,322.0
津A43344,1576760211.0,1576761531.0,1576761267.0,156,1576761267,33,bff92a9eb412845051beada7c953fd98,442.0
津A62374,1576739664.0,1576741404.0,1576741056.0,150,1576741056,31,2841ae6328d4f6ea276fff462b57a74d,269.0
津A11777,1576712459.0,1576713059.0,1576712939.0,149,1576712939,35,682800e7311a6b64c655645928ec2170,414.0
津A45522,1576744141.0,1576745101.0,1576744909.0,142,1576744909,32,b091f1b3e012d915454e3dea5759bcd8,324.0
津A14900,1576754177.0,1576755317.0,1576755089.0,150,1576755089,32,46df9b1ed1d4d537b1308fa69dedb4d2,461.0
津A61583,1576604180.0,1576605980.0,1576605620.0,92,1576605620,35,ce13165054a50d0954027915d7995397,384.0
津A27127,1576649427.0,1576651107.0,1576650771.0,12,1576650771,34,f11578d6d88874da108f127792b3d33d,351.0
津A20860,1576652719.0,1576653379.0,1576653247.0,11,1576653247,32,808531d56c5e3474c04f73c10c2fd3b1,267.0
津A43549,1576678956.0,1576680456.0,1576680156.0,126,1576680156,32,d4e1daefcf704aa63dce7a123c3434fd,488.0
津A43996,1576625882.0,1576627382.0,1576627082.0,98,1576627082,32,64692a0769f1d3d883716467e35366c0,227.0
津A68309,1576652373.0,1576653393.0,1576653189.0,41,1576653189,31,18e4017ac909de580663a64dd89a47b0,232.0
津A68222,1576636197.0,1576637277.0,1576637061.0,72,1576637061,30,d02480aa637d00e3fbd93873df55274f,248.0
津A77817,1576600101.0,1576601661.0,1576601349.0,91,1576601349,32,fca4281eb7b8c3580bb818d47766a7ee,414.0
津A23092,1576684750.0,1576685890.0,1576685662.0,72,1576685662,30,0d48330dff44f29696def1196061eaba,347.0
津A36857,1576631127.0,1576632267.0,1576632039.0,43,1576632039,31,5324ff7b012dbb4a6b28924d037c95e3,261.0
津A32847,1576550234.0,1576551614.0,1576551338.0,115,1576551338,34,386fe1ef2ad0df65234ac0c291c0166a,459.0
津A38459,1576516784.0,1576517624.0,1576517456.0,94,1576517456,35,be1c5eb75a624dc2bf4951d19d727735,250.0
津A14842,1576587301.0,1576588381.0,1576588165.0,105,1576588165,31,00da0a6c295caa9e7838a7812e45648d,415.0
津A29025,1576546219.0,1576546639.0,1576546555.0,25,1576546555,34,92dc0ae774c983614855af6953a2f4fd,375.0
津A31122,1576540751.0,1576541351.0,1576541231.0,7,1576541231,32,de66dc1fdf23b5246c72e00515219fd4,384.0
津A33966,1576583219.0,1576583999.0,1576583843.0,126,1576583843,33,a75902f9b0c077af4f48189f72df1851,401.0
津A72241,1576544535.0,1576545255.0,1576545111.0,138,1576545111,34,b337b6f21683c1906e213a6a489694c6,441.0
津A15719,1576514597.0,1576515017.0,1576514933.0,40,1576514933,35,4dd66fdd8dfa6556531f484929c2df6b,465.0
津A46909,1576535770.0,1576536970.0,1576536730.0,93,1576536730,34,f49f93fabf9e104bffddb17e41a43ff4,404.0
津A36700,1576563497.0,1576564997.0,1576564697.0,128,1576564697,30,001f270db8d369cc4fab7103ab2aed89,207.0
津A38588,1576480545.0,1576480905.0,1576480833.0,189,1576480833,33,47d6c71aa6f75b83f2b3b0dc7005fa2f,472.0
津A40380,1576475188.0,1576476448.0,1576476196.0,179,1576476196,32,d93aababc743d7a1bc8c3362a2de623f,298.0
津A39937,1576463065.0,1576463545.0,1576463449.0,107,1576463449,35,05c777f5e376b651611274ef77b0caa9,319.0
津A23895,1576472766.0,1576474566.0,1576474206.0,197,1576474206,32,91968623a1dbc0130a40bf52f44779d1,259.0
津A11841,1576507286.0,1576508246.0,1576508054.0,198,1576508054,31,4442cd4180862e3117768ab83dc08342,401.0
津A46359,1576496565.0,1576497945.0,1576497669.0,128,1576497669,35,dbf3c5e5091fc9633354d0eb9e1f5866,332.0
津A39838,1576434925.0,1576435765.0,1576435597.0,101,1576435597,31,c33aeb7949a98d5581b1587b480961ca,282.0
津A48889,1576458293.0,1576459853.0,1576459541.0,82,1576459541,33,abff6dc82f5cf065ca328876f38b8843,431.0
津A43160,1576468710.0,1576469670.0,1576469478.0,101,1576469478,35,6d529c8691c66d699df8b618100e52b5,446.0
津A15299,1576497123.0,1576498563.0,1576498275.0,89,1576498275,31,c0cacd8ea9e04b64ea62337a0cefc90a,360.0
津A28348,1576406545.0,1576407205.0,1576407073.0,179,1576407073,35,3deede6737cb756f8e918b5b0322f302,266.0
津A45052,1576418201.0,1576418741.0,1576418633.0,25,1576418633,30,edb1770fd72221897812d36b6aa88170,358.0
津A15526,1576352084.0,1576353824.0,1576353476.0,27,1576353476,30,3a8f498fb51373bc10b8c7fa1dcacdfd,213.0
津A37177,1576376963.0,1576377623.0,1576377491.0,143,1576377491,35,c102b54437db513e1e7dcfbbfbdd6821,305.0
津A13360,1576362501.0,1576363101.0,1576362981.0,185,1576362981,33,81b22c222e543e3278f8beb7f17e0576,292.0
津A46871,1576366251.0,1576367091.0,1576366923.0,122,1576366923,31,0d3aac041533ed8fb66a87ee5bb31ed2,310.0
津A49660,1576340182.0,1576341262.0,1576341046.0,107,1576341046,35,23664892a4dd981ede287a9752d15650,259.0
津A41022,1576391243.0,1576392623.0,1576392347.0,156,1576392347,33,a1f325bbd17f414dc74f6c88bb97623d,474.0
津A85978,1576414155.0,1576414995.0,1576414827.0,192,1576414827,34,1526754b29f0d9976ca1064f23a954c8,499.0
津A32151,1576384131.0,1576384671.0,1576384563.0,83,1576384563,33,df512f958f40b7a380f46e0c8e49d88c,214.0
津A44350,1576261636.0,1576261996.0,1576261924.0,57,1576261924,30,5dfe878f0b8bfad4b28fdef3ef98d053,253.0
津A21973,1576298935.0,1576300195.0,1576299943.0,54,1576299943,32,63c0b97bbb9d1841e7eb45d2fdb267a9,316.0
津A87866,1576256857.0,1576258537.0,1576258201.0,195,1576258201,33,c4699c4b70ea0bcd40fc22d4928cc1ae,432.0
津A75818,1576266968.0,1576268528.0,1576268216.0,96,1576268216,32,70cb9c8ba435be0529a3d55572bea6f6,448.0
津A47535,1576299415.0,1576300195.0,1576300039.0,168,1576300039,30,e268fc395dbf6ddbed9f967adfc480d0,278.0
津A44754,1576305642.0,1576306002.0,1576305930.0,109,1576305930,34,5eef30e258af180e3719ea71b44ea3a3,282.0
津A11291,1576313612.0,1576314572.0,1576314380.0,140,1576314380,30,cdf51f2eda6103769b8d8829d142f1b9,249.0
津A39490,1576274038.0,1576274938.0,1576274758.0,191,1576274758,33,66c4b49c55e37d4b5c4453aae8504c84,256.0
津A26556,1576274177.0,1576275557.0,1576275281.0,50,1576275281,34,b0c537026f2ea96062e0861aa2429de7,398.0
津A18313,1576275844.0,1576277584.0,1576277236.0,71,1576277236,30,0668d5cc56d37384613bcc761170bb50,350.0
津A37719,1576243330.0,1576243810.0,1576243714.0,122,1576243714,35,beebac742d78a4987bebd01c35499ac5,371.0
津A11938,1576218501.0,1576220121.0,1576219797.0,190,1576219797,33,f9471b451585c6f93025929ede6ca1ad,225.0
津A36629,1576189772.0,1576191452.0,1576191116.0,185,1576191116,30,85f128f1d07e861405c48648802f9d00,314.0
津A34105,1576240296.0,1576241076.0,1576240920.0,9,1576240920,35,f66a7099606108dfd9ae5f4c230deb23,215.0
津A17045,1576235200.0,1576235620.0,1576235536.0,169,1576235536,31,e03ce1da7cce0e08ae0dc0b961f44006,482.0
津A86515,1576181919.0,1576182699.0,1576182543.0,176,1576182543,32,17edbb492c7ca45dd77316e8c4410155,357.0
津A11437,1576199561.0,1576200581.0,1576200377.0,176,1576200377,34,5424a097f43631069614ab7734419e05,321.0
津A27102,1576236553.0,1576237813.0,1576237561.0,167,1576237561,35,f0f9811bf98217aef125e10245e60927,229.0
津A49972,1576211062.0,1576212742.0,1576212406.0,126,1576212406,35,3e5c86e8364798cc539e74c89edb4dee,316.0
津A44611,1576185436.0,1576185736.0,1576185676.0,161,1576185676,32,c378eccccdbc19a2d647cc3ee35556b1,364.0
津A48535,1576150820.0,1576152080.0,1576151828.0,164,1576151828,34,e69b19c89551f92040525f36d2249552,429.0
津A15218,1576103726.0,1576104326.0,1576104206.0,138,1576104206,34,d62f88292cb80133dc79c102dbe3fd0e,321.0
津A10361,1576155351.0,1576156611.0,1576156359.0,183,1576156359,35,18a8650fc04ee5de19f9ab75a5eacbe6,376.0
津A40175,1576121231.0,1576122911.0,1576122575.0,176,1576122575,35,688de6f9feb8855d20bdb784df2edc17,454.0
津A44167,1576146655.0,1576147255.0,1576147135.0,151,1576147135,31,c3e26d35b24db9fb0d73f0f4451253b9,487.0
津A12174,1576120796.0,1576121276.0,1576121180.0,95,1576121180,33,97fbc218dcdc56b96cb76e7f93fc82d2,266.0
津A15041,1576146145.0,1576147825.0,1576147489.0,43,1576147489,33,bec931fc68205bc25f6fd187373711d9,309.0
津A40991,1576135457.0,1576136717.0,1576136465.0,37,1576136465,30,09a36a12d6455dc5d178fcf728907fba,316.0
津A35731,1576104823.0,1576105963.0,1576105735.0,23,1576105735,32,f4f56919d52bd592b5c79759f1ca48a9,374.0
津A66070,1576109667.0,1576110507.0,1576110339.0,174,1576110339,35,7f765165c4fcd8a0d854d8415dfe0e74,405.0
津A41597,1576000894.0,1576001734.0,1576001566.0,57,1576001566,35,018c7dc286bc102c791198bc30dc9e51,234.0
津A15958,1575993816.0,1575995376.0,1575995064.0,27,1575995064,33,df0b0e6e67a9aad7033aea73c3b3957b,209.0
津A75555,1576008321.0,1576008981.0,1576008849.0,0,1576008849,34,fae4db0d0da9b5794c6eff543d0a6c32,202.0
津A93840,1576068587.0,1576070087.0,1576069787.0,7,1576069787,33,5bd1971365ab61fb6b76fb5f27c39741,209.0
津A21509,1576022192.0,1576022672.0,1576022576.0,173,1576022576,32,164aa873606005a00db14a15687704fd,271.0
津A16501,1576073509.0,1576074349.0,1576074181.0,189,1576074181,35,6c3ea8b5c09b5a564b321526bc958043,464.0
津A15834,1576015061.0,1576016021.0,1576015829.0,43,1576015829,33,c3f0dec64ed50e3ef0ceab075aff12c9,497.0
津A38530,1576010832.0,1576011492.0,1576011360.0,191,1576011360,33,d315101f4bec033d76e758026b1ed8f8,399.0
津A49905,1576063778.0,1576064978.0,1576064738.0,25,1576064738,33,acfd8f960eb14b37c1d87ce75162eaca,468.0
津A26929,1576078731.0,1576079031.0,1576078971.0,143,1576078971,33,f79e0f9fda15b91f9fc4f39da3780fcb,413.0
津A15353,1575962589.0,1575964209.0,1575963885.0,16,1575963885,35,b0a44efadaac4cd5ec72ca95a063f25b,307.0
津A28217,1575934799.0,1575935939.0,1575935711.0,105,1575935711,32,13146f3f277237314a0dd0362f4f0e85,319.0
津A39401,1575989508.0,1575990588.0,1575990372.0,104,1575990372,35,d4bdf80f2b9a06969fc130c0794b4851,461.0
津A22600,1575961432.0,1575961972.0,1575961864.0,72,1575961864,30,70d7cdc9c5f02a3ecf1c9e3aef981e6d,262.0
津A16530,1575960660.0,1575961020.0,1575960948.0,87,1575960948,33,efe1677e5e444f538afaea83b0cad148,423.0
津A33443,1575919370.0,1575920270.0,1575920090.0,57,1575920090,33,863e7d190e5c487c3f6a5b2081a4a01f,467.0
津A23282,1575928279.0,1575929239.0,1575929047.0,172,1575929047,35,463a7cfb82daeb9cf8583058942efdc6,499.0
津A20438,1575926419.0,1575928159.0,1575927811.0,28,1575927811,34,20f649fd8098af19722c4b67aaf44500,292.0
津A37163,1575919909.0,1575921409.0,1575921109.0,102,1575921109,32,a716d27d9e957a64e95ba4432253e004,324.0
津A30203,1575920644.0,1575922264.0,1575921940.0,0,1575921940,31,bf139f9bdfb702b577f76fd5207bca16,397.0
