津A18099,2020-02-07 21:13:58.650536,2020-02-07 21:39:58.650536,2020-02-07 21:34:46.650536,0091,1581082486,35,37c0d347dc8f2e2285281991b4e3c8a9,312.00
津A24750,2020-02-07 01:42:26.650536,2020-02-07 01:49:26.650536,2020-02-07 01:48:02.650536,0122,1581011282,35,2c53e5353b449ae8a418e56210a54f28,262.00
津A36009,2020-02-07 23:37:43.650536,2020-02-08 00:06:43.650536,2020-02-08 00:00:55.650536,0013,1581091255,35,c3efb5a24128254e3ce674b836a11b12,318.00
津A36463,2020-02-07 21:42:54.650536,2020-02-07 21:47:54.650536,2020-02-07 21:46:54.650536,0136,1581083214,32,de94d3cbff5c902955870ebacd33cba6,257.00
津A28551,2020-02-07 17:55:24.650536,2020-02-07 18:03:24.650536,2020-02-07 18:01:48.650536,0183,1581069708,30,01761627a1fcb7bf7ea024526edace58,419.00
津A29976,2020-02-07 02:36:33.650536,2020-02-07 02:48:33.650536,2020-02-07 02:46:09.650536,0060,1581014769,31,34d7edd7d2f891a4e7ee857b3d172048,238.00
津A29289,2020-02-07 04:25:04.650536,2020-02-07 04:54:04.650536,2020-02-07 04:48:16.650536,0119,1581022096,32,2dd6abe9f400cbb3c587c92f3acdf467,435.00
津A22443,2020-02-07 15:59:25.650536,2020-02-07 16:27:25.650536,2020-02-07 16:21:49.650536,0070,1581063709,33,0f3fdb1dc883e88edff586338e11603f,294.00
津A16902,2020-02-07 03:33:35.650536,2020-02-07 04:03:35.650536,2020-02-07 03:57:35.650536,0114,1581019055,33,e12a5c4e0a7b285934e114b840706cb0,203.00
津A28352,2020-02-07 04:46:24.650536,2020-02-07 05:04:24.650536,2020-02-07 05:00:48.650536,0032,1581022848,34,accc60c2601e1a8c728f79717bb0a31c,216.00
津A47771,2020-02-06 19:33:11.650536,2020-02-06 19:45:11.650536,2020-02-06 19:42:47.650536,0105,1580989367,32,1957923b091dae281db208eeee4ec99a,237.00
津A34236,2020-02-06 22:59:29.650536,2020-02-06 23:13:29.650536,2020-02-06 23:10:41.650536,0116,1581001841,33,93e91939251c4c77272899d543903eec,378.00
津A25446,2020-02-06 21:59:01.650536,2020-02-06 22:29:01.650536,2020-02-06 22:23:01.650536,0170,1580998981,35,3e4fbfa7ecedaf6bf98a76367d0748d4,406.00
津A22218,2020-02-06 22:22:04.650536,2020-02-06 22:43:04.650536,2020-02-06 22:38:52.650536,0012,1580999932,34,3afc6756f3d0a0afcc7c35f4ca3e2095,455.00
津A25173,2020-02-06 08:41:51.650536,2020-02-06 09:11:51.650536,2020-02-06 09:05:51.650536,0096,1580951151,30,8ce563805859a066fdd5aae2b8a38ee2,245.00
津A23297,2020-02-06 07:16:24.650536,2020-02-06 07:31:24.650536,2020-02-06 07:28:24.650536,0107,1580945304,35,3550c53440fcb0d2d8a3158a759f41ec,377.00
津A48420,2020-02-06 08:12:48.650536,2020-02-06 08:34:48.650536,2020-02-06 08:30:24.650536,0172,1580949024,33,5f368ab14c4b983a77196ac4db109e03,482.00
津A22391,2020-02-06 19:33:23.650536,2020-02-06 19:40:23.650536,2020-02-06 19:38:59.650536,0030,1580989139,35,77dbc81efd49ddf495f72c0529a3aa7a,436.00
津A87187,2020-02-06 22:01:31.650536,2020-02-06 22:12:31.650536,2020-02-06 22:10:19.650536,0186,1580998219,32,b87927e2d2c2723f866bd66850cf04a6,455.00
津A28546,2020-02-06 07:54:08.650536,2020-02-06 08:12:08.650536,2020-02-06 08:08:32.650536,0151,1580947712,31,191bd9ccf324d4f4dc30bf10eb3c79c2,334.00
津A25690,2020-02-05 00:49:19.650536,2020-02-05 01:19:19.650536,2020-02-05 01:13:19.650536,0092,1580836399,33,09f574151b196a64ab62a65a27545c86,491.00
津A37419,2020-02-05 14:20:38.650536,2020-02-05 14:40:38.650536,2020-02-05 14:36:38.650536,0197,1580884598,30,12a1b37eb092dd4aee8d3ee1a8e31fa9,489.00
津A25641,2020-02-05 06:57:03.650536,2020-02-05 07:04:03.650536,2020-02-05 07:02:39.650536,0188,1580857359,33,ea8e50642824288a5a22db97ff66d69f,370.00
津A22912,2020-02-05 08:24:02.650536,2020-02-05 08:37:02.650536,2020-02-05 08:34:26.650536,0190,1580862866,32,47245cafa6380d75c961bb3a182d1270,454.00
津A15147,2020-02-05 13:50:40.650536,2020-02-05 14:05:40.650536,2020-02-05 14:02:40.650536,0077,1580882560,35,6bfe4d05afb86589253bf4e49b8fec1e,263.00
津A13076,2020-02-05 20:23:33.650536,2020-02-05 20:37:33.650536,2020-02-05 20:34:45.650536,0165,1580906085,34,c43a7f38c7aecd4cfbd1c2c96e877c78,286.00
津A46613,2020-02-05 17:52:45.650536,2020-02-05 18:16:45.650536,2020-02-05 18:11:57.650536,0173,1580897517,32,358888dc8d70d89880087c11319acf8d,241.00
津A36971,2020-02-05 15:59:57.650536,2020-02-05 16:08:57.650536,2020-02-05 16:07:09.650536,0040,1580890029,32,7347d1546c8323b9872cedb0044cdb3f,469.00
津A26662,2020-02-05 20:51:57.650536,2020-02-05 21:09:57.650536,2020-02-05 21:06:21.650536,0054,1580907981,30,7af679e6ca1b7c0cd1cc640603c28c21,321.00
津A35443,2020-02-05 07:27:37.650536,2020-02-05 07:34:37.650536,2020-02-05 07:33:13.650536,0179,1580859193,30,b57189eeed1441bda228a42b11423be2,295.00
津A11085,2020-02-04 23:36:02.650536,2020-02-04 23:55:02.650536,2020-02-04 23:51:14.650536,0173,1580831474,32,5bc17bf10414364f0189474f678f9c0b,469.00
津A34719,2020-02-04 07:48:39.650536,2020-02-04 08:14:39.650536,2020-02-04 08:09:27.650536,0090,1580774967,33,68491b317b83c3cb66aae9a1c1244710,302.00
津A46949,2020-02-04 10:43:07.650536,2020-02-04 11:07:07.650536,2020-02-04 11:02:19.650536,0103,1580785339,34,2c4d94b18e4be21168d19cb0ac95a98c,350.00
津A19862,2020-02-04 09:52:32.650536,2020-02-04 09:58:32.650536,2020-02-04 09:57:20.650536,0142,1580781440,30,8abff920cc20c508dffb524981dfdf5b,427.00
津A34950,2020-02-04 14:47:02.650536,2020-02-04 15:05:02.650536,2020-02-04 15:01:26.650536,0151,1580799686,33,19f3da21358e19048dac9f16e081f468,361.00
津A15745,2020-02-04 21:32:18.650536,2020-02-04 21:39:18.650536,2020-02-04 21:37:54.650536,0013,1580823474,31,d3ebebf6977b4b13573d7f1f178e440c,277.00
津A42464,2020-02-04 06:27:35.650536,2020-02-04 06:53:35.650536,2020-02-04 06:48:23.650536,0179,1580770103,34,4dd061d6db2c312cf8c41656d3ed55f3,385.00
津A40209,2020-02-04 10:59:05.650536,2020-02-04 11:22:05.650536,2020-02-04 11:17:29.650536,0033,1580786249,31,34b26c0d1279d5904e71c437e6c0623e,387.00
津A72341,2020-02-04 16:08:38.650536,2020-02-04 16:18:38.650536,2020-02-04 16:16:38.650536,0172,1580804198,30,37a9b39361a4776bbe1d561692396ecf,419.00
津A15785,2020-02-04 14:42:04.650536,2020-02-04 14:53:04.650536,2020-02-04 14:50:52.650536,0092,1580799052,34,16f58ef262098a9b8e2520137d4dc82d,285.00
津A38820,2020-02-03 20:01:51.650536,2020-02-03 20:17:51.650536,2020-02-03 20:14:39.650536,0189,1580732079,33,4f2ca73d37d7467f72cbf19278822e6f,482.00
津A28866,2020-02-03 00:17:32.650536,2020-02-03 00:29:32.650536,2020-02-03 00:27:08.650536,0192,1580660828,30,0bea47fd6601f12828ea92cb2b4c5b57,388.00
津A36650,2020-02-03 15:48:36.650536,2020-02-03 16:03:36.650536,2020-02-03 16:00:36.650536,0016,1580716836,33,0449e1fd218bfbc64291718ccb631bea,242.00
津A45522,2020-02-03 17:05:49.650536,2020-02-03 17:31:49.650536,2020-02-03 17:26:37.650536,0122,1580721997,32,b091f1b3e012d915454e3dea5759bcd8,263.00
津A35203,2020-02-03 01:47:01.650536,2020-02-03 02:11:01.650536,2020-02-03 02:06:13.650536,0023,1580666773,32,1203fffbccb5751f3dca238d3080764d,301.00
津A30188,2020-02-03 02:46:49.650536,2020-02-03 02:55:49.650536,2020-02-03 02:54:01.650536,0168,1580669641,31,b42627c0ad03e8ca25a3a68c02b11c9f,253.00
津A41207,2020-02-03 23:30:36.650536,2020-02-03 23:41:36.650536,2020-02-03 23:39:24.650536,0061,1580744364,31,ea27521be832d9a68f38a4e2f302a1d0,439.00
津A15764,2020-02-03 20:13:22.650536,2020-02-03 20:31:22.650536,2020-02-03 20:27:46.650536,0165,1580732866,35,fe24d9d3d6d7720a1cc9c2e42ad299c2,256.00
津A22069,2020-02-03 14:15:54.650536,2020-02-03 14:37:54.650536,2020-02-03 14:33:30.650536,0154,1580711610,32,2d581b3f43a2cdb1555042be86494ff6,234.00
津A33760,2020-02-03 01:54:52.650536,2020-02-03 02:08:52.650536,2020-02-03 02:06:04.650536,0151,1580666764,33,c122ed08a095cf2ebdfb874c0d5658f3,461.00
津A86462,2020-02-02 21:49:52.650536,2020-02-02 22:06:52.650536,2020-02-02 22:03:28.650536,0067,1580652208,30,a26fa9073816189958062b955c12df42,434.00
津A28743,2020-02-02 02:26:25.650536,2020-02-02 02:48:25.650536,2020-02-02 02:44:01.650536,0071,1580582641,31,994bf43050fb2f23d88c74f71e809aec,298.00
津A75630,2020-02-02 18:45:31.650536,2020-02-02 18:58:31.650536,2020-02-02 18:55:55.650536,0012,1580640955,32,826b7e296c4c9883a17970394d7cbc20,286.00
津A48082,2020-02-02 13:27:52.650536,2020-02-02 13:34:52.650536,2020-02-02 13:33:28.650536,0193,1580621608,31,84f45d37f72d3847d63d12b434ec7bcd,247.00
津A40272,2020-02-02 21:25:50.650536,2020-02-02 21:46:50.650536,2020-02-02 21:42:38.650536,0100,1580650958,34,0e2d98978f5e384e6feac24459fe14b9,342.00
津A12913,2020-02-02 02:27:44.650536,2020-02-02 02:53:44.650536,2020-02-02 02:48:32.650536,0173,1580582912,31,dce9ad5dbef80ad12865c916cb0619be,395.00
津A19471,2020-02-02 14:40:12.650536,2020-02-02 14:48:12.650536,2020-02-02 14:46:36.650536,0147,1580625996,33,733b27e10ac5a012baadf45f01918766,318.00
津A12592,2020-02-02 19:34:12.650536,2020-02-02 19:45:12.650536,2020-02-02 19:43:00.650536,0037,1580643780,32,179daede731731bfdbadb2a6b34e5450,223.00
津A20072,2020-02-02 16:39:41.650536,2020-02-02 16:55:41.650536,2020-02-02 16:52:29.650536,0178,1580633549,35,64df523552d0b39e6457a94225f3e486,227.00
津A14562,2020-02-02 14:36:19.650536,2020-02-02 14:51:19.650536,2020-02-02 14:48:19.650536,0057,1580626099,33,be98cac16a3adcf0cc242eda6c78666d,431.00
津A47825,2020-02-01 22:44:58.650536,2020-02-01 22:52:58.650536,2020-02-01 22:51:22.650536,0063,1580568682,30,50175f880d67ac4d003149e4d0b05edf,267.00
津A96117,2020-02-01 10:51:55.650536,2020-02-01 11:21:55.650536,2020-02-01 11:15:55.650536,0149,1580526955,30,c95f3b00be8c47263916f674b9c6229f,362.00
津A16250,2020-02-01 03:15:25.650536,2020-02-01 03:21:25.650536,2020-02-01 03:20:13.650536,0192,1580498413,34,893da3a958e74e8e78ee34d8394c99ac,497.00
津A16150,2020-02-01 07:50:41.650536,2020-02-01 08:01:41.650536,2020-02-01 07:59:29.650536,0018,1580515169,33,4b4e7731d7aa4b8c83febaec0030c424,291.00
津A18200,2020-02-01 05:24:00.650536,2020-02-01 05:44:00.650536,2020-02-01 05:40:00.650536,0032,1580506800,32,3165f90ded551291e59bd49028ace33e,447.00
津A44416,2020-02-01 16:17:18.650536,2020-02-01 16:46:18.650536,2020-02-01 16:40:30.650536,0085,1580546430,31,e75e57712c082fbe7ada995e1a3feaff,416.00
津A39747,2020-02-01 11:14:12.650536,2020-02-01 11:31:12.650536,2020-02-01 11:27:48.650536,0037,1580527668,35,14e7ea2e0e08cc3e476fc061153b49b8,485.00
津A32439,2020-02-01 10:58:49.650536,2020-02-01 11:22:49.650536,2020-02-01 11:18:01.650536,0113,1580527081,34,241c99f09fe30bb4ad8ad41c550b1964,314.00
津A85135,2020-02-01 23:59:10.650536,2020-02-02 00:04:10.650536,2020-02-02 00:03:10.650536,0033,1580572990,33,fff5d57b2e94fe55f089588187cda41e,242.00
津A63818,2020-02-01 08:20:17.650536,2020-02-01 08:30:17.650536,2020-02-01 08:28:17.650536,0114,1580516897,32,f19693ac38dbcd91b6fc6a38f2fdb388,316.00
津A17412,2020-01-31 04:22:58.650536,2020-01-31 04:37:58.650536,2020-01-31 04:34:58.650536,0166,1580416498,30,3686533f4fa3cd90669cb718e6ef152b,485.00
津A27156,2020-01-31 08:56:53.650536,2020-01-31 09:20:53.650536,2020-01-31 09:16:05.650536,0186,1580433365,34,4e371c99f42dc855f288a5f8e3cf8f4e,406.00
津A37097,2020-01-31 20:34:37.650536,2020-01-31 20:47:37.650536,2020-01-31 20:45:01.650536,0135,1580474701,35,2a1f729601a8b1c2383ebb9da0d810a7,243.00
津A10489,2020-01-31 20:36:00.650536,2020-01-31 20:51:00.650536,2020-01-31 20:48:00.650536,0187,1580474880,31,4c905e1136557025d3813b439beb06b2,360.00
津A94163,2020-01-31 08:16:14.650536,2020-01-31 08:23:14.650536,2020-01-31 08:21:50.650536,0087,1580430110,35,ae3551f1ab2685d8bcb16597d538d817,490.00
津A47511,2020-01-31 12:23:04.650536,2020-01-31 12:47:04.650536,2020-01-31 12:42:16.650536,0042,1580445736,32,5a6158e4a8e88d6b921fbbc95a6fc6bb,453.00
津A20055,2020-01-31 23:59:32.650536,2020-02-01 00:09:32.650536,2020-02-01 00:07:32.650536,0177,1580486852,30,116df477d8c0b3fff19e26a2ac2dfde7,417.00
津A40914,2020-01-31 11:42:55.650536,2020-01-31 11:51:55.650536,2020-01-31 11:50:07.650536,0084,1580442607,30,5587263ebfae11d0754f72b505fdc0c1,304.00
津A39682,2020-01-31 13:41:17.650536,2020-01-31 14:09:17.650536,2020-01-31 14:03:41.650536,0054,1580450621,35,eb162814e30c4a85dcda91713e3d086f,256.00
津A57942,2020-01-31 21:47:12.650536,2020-01-31 22:07:12.650536,2020-01-31 22:03:12.650536,0059,1580479392,30,b82f10b7eb34ec8bd8683d8c8d769857,352.00
津A47850,2020-01-30 13:33:16.650536,2020-01-30 14:03:16.650536,2020-01-30 13:57:16.650536,0140,1580363836,30,5571e97bd29aa603d821699454db479a,333.00
津A20776,2020-01-30 22:19:24.650536,2020-01-30 22:45:24.650536,2020-01-30 22:40:12.650536,0129,1580395212,33,94b52a48a0c39cf7acd23dd77f069fba,424.00
津A38398,2020-01-30 20:08:49.650536,2020-01-30 20:38:49.650536,2020-01-30 20:32:49.650536,0026,1580387569,30,dd29dcc4307644d105f5d360d5abf3e6,484.00
津A29621,2020-01-30 14:20:23.650536,2020-01-30 14:39:23.650536,2020-01-30 14:35:35.650536,0011,1580366135,34,6208cad7504792cf56f1aae3031fc5bc,474.00
津A21033,2020-01-30 08:42:53.650536,2020-01-30 08:52:53.650536,2020-01-30 08:50:53.650536,0175,1580345453,31,b74e9cf63ec7f29553bd64959a0bf7a0,435.00
津A44504,2020-01-30 19:29:02.650536,2020-01-30 19:57:02.650536,2020-01-30 19:51:26.650536,0038,1580385086,33,2bdaccaa072891d4eda2abc896282257,496.00
津A33405,2020-01-30 16:22:23.650536,2020-01-30 16:35:23.650536,2020-01-30 16:32:47.650536,0146,1580373167,32,d11963fbb880ac7816797325fdfee81e,473.00
津A12371,2020-01-30 16:32:50.650536,2020-01-30 16:42:50.650536,2020-01-30 16:40:50.650536,0055,1580373650,33,08dccc07a61754619d5d7a2febae6ea2,215.00
津A31471,2020-01-30 17:54:17.650536,2020-01-30 18:22:17.650536,2020-01-30 18:16:41.650536,0194,1580379401,35,035a083bbd7a7a3a371100f6c576fd39,438.00
津A18197,2020-01-30 17:28:40.650536,2020-01-30 17:43:40.650536,2020-01-30 17:40:40.650536,0107,1580377240,35,3aa2fda898b85a911177b62f9c7e1fb6,320.00
津A20856,2020-01-29 06:32:17.650536,2020-01-29 06:39:17.650536,2020-01-29 06:37:53.650536,0152,1580251073,33,92226e848e13f802d6dd1029c6146701,421.00
津A44995,2020-01-29 01:43:49.650536,2020-01-29 02:00:49.650536,2020-01-29 01:57:25.650536,0085,1580234245,31,ffcc4136767719579f86fd91ccdef42b,260.00
津A30980,2020-01-29 02:29:30.650536,2020-01-29 02:47:30.650536,2020-01-29 02:43:54.650536,0143,1580237034,34,a4547ae61dd44da8557ffdb41a2c77cf,374.00
津A18549,2020-01-29 07:11:48.650536,2020-01-29 07:28:48.650536,2020-01-29 07:25:24.650536,0089,1580253924,32,d39b7333e6dee98fa453856da6843f30,255.00
津A32506,2020-01-29 03:02:06.650536,2020-01-29 03:20:06.650536,2020-01-29 03:16:30.650536,0188,1580238990,31,ae41e61e4c63bf3a6632dd251a535b89,335.00
津A13399,2020-01-29 21:23:21.650536,2020-01-29 21:32:21.650536,2020-01-29 21:30:33.650536,0023,1580304633,31,344055c76a8ab0db2488b5ecfcc19b0d,466.00
津A24098,2020-01-29 23:50:49.650536,2020-01-30 00:09:49.650536,2020-01-30 00:06:01.650536,0189,1580313961,34,3d9a0abe6384c44af4f8a4c003c4d687,376.00
津A38764,2020-01-29 02:11:54.650536,2020-01-29 02:20:54.650536,2020-01-29 02:19:06.650536,0197,1580235546,31,b1d927f02f1a518a08119339558bee57,327.00
津A19004,2020-01-29 13:15:31.650536,2020-01-29 13:42:31.650536,2020-01-29 13:37:07.650536,0037,1580276227,35,2b7b797eeded975a1198ce4935abbba1,203.00
津A11310,2020-01-29 04:08:39.650536,2020-01-29 04:20:39.650536,2020-01-29 04:18:15.650536,0133,1580242695,30,276c9943cf5e5659151bd425ce5c0477,362.00
津A10159,2020-01-28 07:30:17.650536,2020-01-28 07:58:17.650536,2020-01-28 07:52:41.650536,0001,1580169161,30,c7b4adc7e8be87f410789e47fc7c29c9,428.00
津A44690,2020-01-28 07:47:46.650536,2020-01-28 08:17:46.650536,2020-01-28 08:11:46.650536,0074,1580170306,30,571260267f380298019616cbd3ee3b91,214.00
津A30600,2020-01-28 01:54:33.650536,2020-01-28 02:14:33.650536,2020-01-28 02:10:33.650536,0082,1580148633,32,345054fe0aefccc406daee3d7c99cfe6,488.00
津A20051,2020-01-28 20:00:04.650536,2020-01-28 20:14:04.650536,2020-01-28 20:11:16.650536,0018,1580213476,31,63cf0b18419f93cdcd0924a1ca554b62,461.00
津A37695,2020-01-28 01:57:42.650536,2020-01-28 02:16:42.650536,2020-01-28 02:12:54.650536,0021,1580148774,31,ddd1702d406f7e6a32e94c10d8835c3d,404.00
津A41700,2020-01-28 08:18:13.650536,2020-01-28 08:33:13.650536,2020-01-28 08:30:13.650536,0138,1580171413,31,f798197e7bd8d1abdcffd157b183cb29,493.00
津A55979,2020-01-28 08:31:01.650536,2020-01-28 08:44:01.650536,2020-01-28 08:41:25.650536,0021,1580172085,32,7ececc57fb9986652e5be8d66166c24f,258.00
津A17464,2020-01-28 13:41:48.650536,2020-01-28 13:48:48.650536,2020-01-28 13:47:24.650536,0106,1580190444,31,9bc6f988b8e6efa623b8284f68ea4e4b,314.00
津A44332,2020-01-28 10:41:13.650536,2020-01-28 11:00:13.650536,2020-01-28 10:56:25.650536,0048,1580180185,34,79c461f18fd3c9a2dd7877dac43c241b,479.00
津A31028,2020-01-28 17:08:19.650536,2020-01-28 17:25:19.650536,2020-01-28 17:21:55.650536,0012,1580203315,33,0c386e97abfec2c113bef8b9d9cb2730,287.00
津A25092,2020-01-27 04:01:20.650536,2020-01-27 04:07:20.650536,2020-01-27 04:06:08.650536,0172,1580069168,35,58243f540bb528686bf739b237b44571,294.00
津A33737,2020-01-27 22:56:06.650536,2020-01-27 23:08:06.650536,2020-01-27 23:05:42.650536,0080,1580137542,32,cb4ee1be9a136235e28b83cbe6fd0d84,312.00
津A10906,2020-01-27 14:55:38.650536,2020-01-27 15:00:38.650536,2020-01-27 14:59:38.650536,0141,1580108378,31,b6c320183b4fb5cab12cdde26e11ca93,264.00
津A28894,2020-01-27 13:26:22.650536,2020-01-27 13:44:22.650536,2020-01-27 13:40:46.650536,0094,1580103646,30,ecc8ae94fe23855e078cc1d6363003cb,467.00
津A60654,2020-01-27 18:43:37.650536,2020-01-27 18:53:37.650536,2020-01-27 18:51:37.650536,0015,1580122297,32,774016e72b5154bf7cb1f4506ca72f98,249.00
津A49432,2020-01-27 07:09:30.650536,2020-01-27 07:32:30.650536,2020-01-27 07:27:54.650536,0087,1580081274,31,c7056cc0b664498471e5fac41e03a5cf,327.00
津A60457,2020-01-27 08:42:48.650536,2020-01-27 09:10:48.650536,2020-01-27 09:05:12.650536,0026,1580087112,35,48143a78e07516725d37ffe3cf2c8289,449.00
津A48576,2020-01-27 16:42:13.650536,2020-01-27 17:00:13.650536,2020-01-27 16:56:37.650536,0026,1580115397,33,70bbd0e0928ed00bb3e03a46bad7bb26,412.00
津A40097,2020-01-27 07:45:02.650536,2020-01-27 08:05:02.650536,2020-01-27 08:01:02.650536,0187,1580083262,30,16945ba296561aee0aff7e0443e03bfe,305.00
津A27850,2020-01-27 03:14:07.650536,2020-01-27 03:20:07.650536,2020-01-27 03:18:55.650536,0080,1580066335,32,5697b6314831c7c1cfcb2bae59705e86,368.00
津A32430,2020-01-26 10:25:14.650536,2020-01-26 10:33:14.650536,2020-01-26 10:31:38.650536,0155,1580005898,33,020219e468c66ac89aaa7a39b2783cec,208.00
津A22395,2020-01-26 03:59:19.650536,2020-01-26 04:10:19.650536,2020-01-26 04:08:07.650536,0015,1579982887,35,05d196d09635b6d0a8d98c18973a64a7,202.00
津A22703,2020-01-26 03:54:07.650536,2020-01-26 04:19:07.650536,2020-01-26 04:14:07.650536,0005,1579983247,31,bbc04ab9414b30d2ff5b05ee4db1b364,463.00
津A39073,2020-01-26 12:15:18.650536,2020-01-26 12:30:18.650536,2020-01-26 12:27:18.650536,0072,1580012838,33,39a501ad6f811b89e461239c8c55c01d,269.00
津A27831,2020-01-26 15:40:51.650536,2020-01-26 15:50:51.650536,2020-01-26 15:48:51.650536,0012,1580024931,32,6e80cf5bd08049110045a087a2bf1c31,263.00
津A28229,2020-01-26 11:05:40.650536,2020-01-26 11:26:40.650536,2020-01-26 11:22:28.650536,0143,1580008948,31,af6452a020bffc00b55ac8a077488d54,392.00
津A11332,2020-01-26 08:15:30.650536,2020-01-26 08:20:30.650536,2020-01-26 08:19:30.650536,0086,1579997970,30,dadbbb2f7d9fc03e6722ac887e38b6af,423.00
津A45539,2020-01-26 17:07:20.650536,2020-01-26 17:35:20.650536,2020-01-26 17:29:44.650536,0089,1580030984,34,ca62edc7aa48310499cdf22981b5dab4,376.00
津A30050,2020-01-26 09:03:46.650536,2020-01-26 09:17:46.650536,2020-01-26 09:14:58.650536,0148,1580001298,34,f9b11dc4ddaadbc8f62fc1c27dd34586,208.00
津A19235,2020-01-26 16:49:23.650536,2020-01-26 16:54:23.650536,2020-01-26 16:53:23.650536,0000,1580028803,33,013153601128c7a02f2b3bd3b7aa4c77,279.00
津A26400,2020-01-25 14:51:05.650536,2020-01-25 15:02:05.650536,2020-01-25 14:59:53.650536,0043,1579935593,33,e4954777601ab7e68e3fbec5114dc979,449.00
津A76398,2020-01-25 14:28:01.650536,2020-01-25 14:48:01.650536,2020-01-25 14:44:01.650536,0152,1579934641,34,f9d650becf4dcde119ec600eb4dff854,289.00
津A48466,2020-01-25 15:25:48.650536,2020-01-25 15:51:48.650536,2020-01-25 15:46:36.650536,0007,1579938396,30,121432e4bc556d7baedf803802877016,490.00
津A22172,2020-01-25 09:35:12.650536,2020-01-25 09:56:12.650536,2020-01-25 09:52:00.650536,0191,1579917120,35,af96fdac6a4ba00c47537fba1633f87f,279.00
津A18140,2020-01-25 08:11:16.650536,2020-01-25 08:39:16.650536,2020-01-25 08:33:40.650536,0186,1579912420,30,ef41481fa5bb495c4bb8650cf5657e31,405.00
津A42813,2020-01-25 05:22:32.650536,2020-01-25 05:50:32.650536,2020-01-25 05:44:56.650536,0195,1579902296,31,11e81d34810c8311606aa333f8b436de,379.00
津A16323,2020-01-25 06:33:29.650536,2020-01-25 06:55:29.650536,2020-01-25 06:51:05.650536,0104,1579906265,35,10c36ab03e7acaf658bffb7a73277b83,490.00
津A47755,2020-01-25 18:47:29.650536,2020-01-25 19:03:29.650536,2020-01-25 19:00:17.650536,0093,1579950017,34,a9ba9ee62253aa6672816a0fdaaae2b2,310.00
津A37726,2020-01-25 20:14:36.650536,2020-01-25 20:36:36.650536,2020-01-25 20:32:12.650536,0154,1579955532,33,81221bd99cd3cf4a38deae3704e36856,424.00
津A48177,2020-01-25 21:52:55.650536,2020-01-25 22:04:55.650536,2020-01-25 22:02:31.650536,0186,1579960951,34,4bbf63d5b29805f2f9f9966925340a51,457.00
津A24189,2020-01-24 03:44:43.650536,2020-01-24 03:57:43.650536,2020-01-24 03:55:07.650536,0171,1579809307,34,b3312af163fc77e03e0423abc51210f9,433.00
津A48551,2020-01-24 18:09:01.650536,2020-01-24 18:31:01.650536,2020-01-24 18:26:37.650536,0057,1579861597,30,b2952a9c6f433db6b796e4e7399eb627,285.00
津A77480,2020-01-24 22:36:53.650536,2020-01-24 22:58:53.650536,2020-01-24 22:54:29.650536,0118,1579877669,30,7c0ee1d45583c13d0d8ebad9ce5c8655,493.00
津A26490,2020-01-24 20:24:06.650536,2020-01-24 20:47:06.650536,2020-01-24 20:42:30.650536,0145,1579869750,34,3e388e2ffd65992bbf19012f709deb63,337.00
津A31463,2020-01-24 06:35:42.650536,2020-01-24 06:56:42.650536,2020-01-24 06:52:30.650536,0058,1579819950,30,b896c333c42d9a866a3cb2774e7eb258,346.00
津A24603,2020-01-24 21:14:57.650536,2020-01-24 21:19:57.650536,2020-01-24 21:18:57.650536,0046,1579871937,35,e20b9c3d0e53c2116d8c8902c3822139,309.00
津A20506,2020-01-24 19:51:05.650536,2020-01-24 20:07:05.650536,2020-01-24 20:03:53.650536,0019,1579867433,35,da7aaee6b6a5d9373c8497b6ee60ef10,404.00
津A11763,2020-01-24 11:25:22.650536,2020-01-24 11:52:22.650536,2020-01-24 11:46:58.650536,0101,1579837618,32,82acc7503149819241a8e91d38ad4f7d,345.00
津A47311,2020-01-24 02:10:55.650536,2020-01-24 02:18:55.650536,2020-01-24 02:17:19.650536,0025,1579803439,32,54420a98ca43d1a250731cfdc03f7587,322.00
津A34242,2020-01-24 23:08:18.650536,2020-01-24 23:37:18.650536,2020-01-24 23:31:30.650536,0095,1579879890,31,da5d90f7ce625e19edb7f28c0f009d5d,472.00
津A47842,2020-01-23 16:38:06.650536,2020-01-23 17:07:06.650536,2020-01-23 17:01:18.650536,0073,1579770078,30,77aefc6a12b2910b84f7214b67c9aecf,327.00
津A26968,2020-01-23 13:24:37.650536,2020-01-23 13:41:37.650536,2020-01-23 13:38:13.650536,0128,1579757893,30,7e98174604a73cc4b7c7129f9bb6c464,340.00
津A52464,2020-01-23 12:11:53.650536,2020-01-23 12:29:53.650536,2020-01-23 12:26:17.650536,0013,1579753577,35,092413d25520ec06ea9b488f46a2864d,213.00
津A31714,2020-01-23 16:22:16.650536,2020-01-23 16:52:16.650536,2020-01-23 16:46:16.650536,0127,1579769176,30,49f2f3e69f6aed9e7800ee3038c2296b,391.00
津A40409,2020-01-23 04:59:49.650536,2020-01-23 05:17:49.650536,2020-01-23 05:14:13.650536,0149,1579727653,33,ab6d234f05c2bd25213bc521fab3f7ea,396.00
津A13156,2020-01-23 04:47:43.650536,2020-01-23 05:00:43.650536,2020-01-23 04:58:07.650536,0125,1579726687,32,c2bba5618ed0d8f33b9c69d1cb87d0a2,217.00
津A99450,2020-01-23 18:32:07.650536,2020-01-23 18:57:07.650536,2020-01-23 18:52:07.650536,0074,1579776727,30,3cdad25060264eeb816b650f252fd67f,471.00
津A13130,2020-01-23 19:20:44.650536,2020-01-23 19:30:44.650536,2020-01-23 19:28:44.650536,0039,1579778924,33,3ce80f84bc0671dda34ce90b7d41bf79,217.00
津A40415,2020-01-23 20:13:44.650536,2020-01-23 20:25:44.650536,2020-01-23 20:23:20.650536,0176,1579782200,34,4e08a5f9ebd3d7c152f8ebc7dc7c36ea,217.00
津A37863,2020-01-23 09:38:20.650536,2020-01-23 09:51:20.650536,2020-01-23 09:48:44.650536,0052,1579744124,32,92913a5bcaafd7096f3f1180a98b4994,232.00
津A12488,2020-01-22 14:26:59.650536,2020-01-22 14:31:59.650536,2020-01-22 14:30:59.650536,0121,1579674659,30,c12e8a4ae7cd1124f35372d36cbe9a94,320.00
津A54819,2020-01-22 02:06:31.650536,2020-01-22 02:34:31.650536,2020-01-22 02:28:55.650536,0016,1579631335,32,c2072e6a9a66fc9e05093d0857486df8,252.00
津A33698,2020-01-22 13:01:00.650536,2020-01-22 13:31:00.650536,2020-01-22 13:25:00.650536,0134,1579670700,30,640fbdb5e9e8e42173e4ebbff6b489ba,294.00
津A42328,2020-01-22 06:03:11.650536,2020-01-22 06:23:11.650536,2020-01-22 06:19:11.650536,0153,1579645151,31,7e05632e6f1809b6d95a0d2f7c6b6421,434.00
津A35161,2020-01-22 06:40:34.650536,2020-01-22 06:55:34.650536,2020-01-22 06:52:34.650536,0121,1579647154,32,51b35480d295df87805abcb95de41af6,231.00
津A22445,2020-01-22 18:00:12.650536,2020-01-22 18:17:12.650536,2020-01-22 18:13:48.650536,0162,1579688028,30,24b8c541bdc751437d88f93081e7e9d7,242.00
津A18835,2020-01-22 00:01:48.650536,2020-01-22 00:07:48.650536,2020-01-22 00:06:36.650536,0101,1579622796,32,0d670803a34c25737f4965d3ed3ca4f6,359.00
津A22893,2020-01-22 11:39:04.650536,2020-01-22 12:04:04.650536,2020-01-22 11:59:04.650536,0033,1579665544,34,eb4c3e71e6792c37360ff163fd183ec0,430.00
津A45186,2020-01-22 13:59:42.650536,2020-01-22 14:28:42.650536,2020-01-22 14:22:54.650536,0155,1579674174,30,3f02fb227e091caab339056d26812bd2,282.00
津A14006,2020-01-22 18:42:54.650536,2020-01-22 18:50:54.650536,2020-01-22 18:49:18.650536,0142,1579690158,35,bc315186e53ffca26fdfa333aee235d7,352.00
津A59897,2020-01-21 06:02:03.650536,2020-01-21 06:08:03.650536,2020-01-21 06:06:51.650536,0062,1579558011,30,b0ee8dc47e73a0c2bb1cfa167fe118be,346.00
津A52587,2020-01-21 21:38:10.650536,2020-01-21 21:57:10.650536,2020-01-21 21:53:22.650536,0043,1579614802,31,e295313a3ac722ed2ece62cf0d79a619,405.00
津A46613,2020-01-21 14:45:00.650536,2020-01-21 14:55:00.650536,2020-01-21 14:53:00.650536,0170,1579589580,32,358888dc8d70d89880087c11319acf8d,206.00
津A17822,2020-01-21 13:31:06.650536,2020-01-21 13:56:06.650536,2020-01-21 13:51:06.650536,0097,1579585866,33,b9faf051f32351f1dc7539da3b991e5c,209.00
津A18825,2020-01-21 13:04:59.650536,2020-01-21 13:18:59.650536,2020-01-21 13:16:11.650536,0139,1579583771,31,b3d8cb282c1066d6ea4c63cc01edc8b7,309.00
津A36743,2020-01-21 23:22:44.650536,2020-01-21 23:36:44.650536,2020-01-21 23:33:56.650536,0180,1579620836,35,35470f6ff292ca7cc315c308e27537e2,236.00
津A26012,2020-01-21 09:32:19.650536,2020-01-21 09:51:19.650536,2020-01-21 09:47:31.650536,0108,1579571251,30,c9cdb71b0a398d84291245420f10980c,434.00
津A49974,2020-01-21 06:10:41.650536,2020-01-21 06:20:41.650536,2020-01-21 06:18:41.650536,0136,1579558721,32,fe666a07dd2c5bc7aaa2513990c8446b,360.00
津A55238,2020-01-21 03:36:58.650536,2020-01-21 03:51:58.650536,2020-01-21 03:48:58.650536,0063,1579549738,31,8237e27200312387057674107a8b8df1,424.00
津A76140,2020-01-21 00:34:08.650536,2020-01-21 00:47:08.650536,2020-01-21 00:44:32.650536,0024,1579538672,32,67873b0f3d7e0e838fe8b784cb20516c,439.00
津A42785,2020-01-20 01:21:00.650536,2020-01-20 01:32:00.650536,2020-01-20 01:29:48.650536,0151,1579454988,32,35f8dabf12017fcb5b6dfd2daf094d53,429.00
津A44918,2020-01-20 06:13:11.650536,2020-01-20 06:18:11.650536,2020-01-20 06:17:11.650536,0042,1579472231,35,19ab1acf7f9628d7089fa8427e8aa1a6,317.00
津A10460,2020-01-20 11:49:01.650536,2020-01-20 12:07:01.650536,2020-01-20 12:03:25.650536,0113,1579493005,31,d7dc0425ff2a8c031d4d265afaff7712,208.00
津A87530,2020-01-20 04:21:43.650536,2020-01-20 04:44:43.650536,2020-01-20 04:40:07.650536,0181,1579466407,30,ecc2bd5a07b7848e19d631d4f78f8d18,237.00
津A32979,2020-01-20 20:41:57.650536,2020-01-20 20:59:57.650536,2020-01-20 20:56:21.650536,0103,1579524981,31,fb2dc77718c3b6aeef7860e74936061b,374.00
津A38609,2020-01-20 06:33:21.650536,2020-01-20 06:48:21.650536,2020-01-20 06:45:21.650536,0155,1579473921,34,245244cf0f081878a81fb3bcaeb4b343,356.00
津A28354,2020-01-20 17:23:16.650536,2020-01-20 17:28:16.650536,2020-01-20 17:27:16.650536,0198,1579512436,32,0a3d244c55dea6f32c01871b0c5f534a,462.00
津A75266,2020-01-20 13:30:49.650536,2020-01-20 13:58:49.650536,2020-01-20 13:53:13.650536,0136,1579499593,30,5f54ada74e9fdfb7fa61a29b361a4f13,417.00
津A44589,2020-01-20 01:53:57.650536,2020-01-20 02:01:57.650536,2020-01-20 02:00:21.650536,0017,1579456821,35,c5a5b2d7c18713f705ae718f7e4bd697,433.00
津A34550,2020-01-20 11:41:17.650536,2020-01-20 11:56:17.650536,2020-01-20 11:53:17.650536,0117,1579492397,32,bf7a2a1ed55defdf87a11b40284b9831,412.00
津A29515,2020-01-19 22:55:21.650536,2020-01-19 23:11:21.650536,2020-01-19 23:08:09.650536,0090,1579446489,35,6a205aea88fe3df32b4e7d99efc82286,279.00
津A33898,2020-01-19 20:28:51.650536,2020-01-19 20:38:51.650536,2020-01-19 20:36:51.650536,0064,1579437411,31,6e05b5635c60a4d114179c030ea86496,457.00
津A33323,2020-01-19 16:36:00.650536,2020-01-19 16:47:00.650536,2020-01-19 16:44:48.650536,0037,1579423488,33,f881e8e0b43ed422b73a1a911728d917,386.00
津A10820,2020-01-19 05:43:00.650536,2020-01-19 05:53:00.650536,2020-01-19 05:51:00.650536,0117,1579384260,34,40cd4f5d0608b146475a1e066db85f6a,425.00
津A45305,2020-01-19 04:13:28.650536,2020-01-19 04:33:28.650536,2020-01-19 04:29:28.650536,0185,1579379368,34,e12e2234b294369cb25de43b42159be1,235.00
津A35207,2020-01-19 07:27:50.650536,2020-01-19 07:46:50.650536,2020-01-19 07:43:02.650536,0002,1579390982,35,bc929e72a12c2cde31e651f1b45cbbfb,387.00
津A49169,2020-01-19 08:20:00.650536,2020-01-19 08:32:00.650536,2020-01-19 08:29:36.650536,0056,1579393776,35,cacda955d9bab3ff58b3e332a2b0e241,262.00
津A37754,2020-01-19 20:00:45.650536,2020-01-19 20:07:45.650536,2020-01-19 20:06:21.650536,0138,1579435581,32,31d6fe58d15d68551f8c153700cb0bd9,204.00
津A26672,2020-01-19 15:29:42.650536,2020-01-19 15:52:42.650536,2020-01-19 15:48:06.650536,0059,1579420086,31,c2f9040d378a1136f00f704a275b0fdc,304.00
津A35019,2020-01-19 01:32:13.650536,2020-01-19 02:00:13.650536,2020-01-19 01:54:37.650536,0076,1579370077,31,4ec4edc852d814e299f6304f7eb7aebd,319.00
津A78885,2020-01-18 22:12:49.650536,2020-01-18 22:32:49.650536,2020-01-18 22:28:49.650536,0197,1579357729,34,557ce51afb2650573c1e6c3a000784ef,443.00
津A46237,2020-01-18 08:44:20.650536,2020-01-18 08:52:20.650536,2020-01-18 08:50:44.650536,0111,1579308644,30,88c43560530abd3690d89029f339cb6c,269.00
津A42339,2020-01-18 19:12:39.650536,2020-01-18 19:34:39.650536,2020-01-18 19:30:15.650536,0020,1579347015,32,9c9683294a97fa0836aae986c57f07c3,311.00
津A13888,2020-01-18 22:37:38.650536,2020-01-18 22:49:38.650536,2020-01-18 22:47:14.650536,0048,1579358834,32,5749293f3db06cdf09d66545283a1a52,381.00
津A24280,2020-01-18 12:38:30.650536,2020-01-18 13:05:30.650536,2020-01-18 13:00:06.650536,0121,1579323606,34,eff2f2f5d12a9876229f2f6df10aa8cf,464.00
津A19129,2020-01-18 17:36:30.650536,2020-01-18 18:01:30.650536,2020-01-18 17:56:30.650536,0068,1579341390,34,8428ba3ea8d824f2bb524f4d49f9800a,326.00
津A32252,2020-01-18 18:08:47.650536,2020-01-18 18:24:47.650536,2020-01-18 18:21:35.650536,0121,1579342895,35,9671f1fee949f18df95f2057b3454a0a,353.00
津A48566,2020-01-18 17:17:07.650536,2020-01-18 17:35:07.650536,2020-01-18 17:31:31.650536,0171,1579339891,32,697dbc7ad264f2ce454fb1b41164d5b0,235.00
津A84550,2020-01-18 21:21:35.650536,2020-01-18 21:48:35.650536,2020-01-18 21:43:11.650536,0142,1579354991,31,6f4dd6ff088797bef95f9ffe1153983d,436.00
津A26549,2020-01-18 12:00:12.650536,2020-01-18 12:26:12.650536,2020-01-18 12:21:00.650536,0068,1579321260,30,1aab52290b64194101050ef1a6ab7004,397.00
津A24145,2020-01-17 15:04:29.650536,2020-01-17 15:20:29.650536,2020-01-17 15:17:17.650536,0029,1579245437,31,2573fa7a55ffd9c8018074061b88b678,258.00
津A45856,2020-01-17 22:16:50.650536,2020-01-17 22:43:50.650536,2020-01-17 22:38:26.650536,0052,1579271906,32,248b9da0c0e83c1c6583fe9ecce3c74d,223.00
津A22219,2020-01-17 11:50:37.650536,2020-01-17 12:03:37.650536,2020-01-17 12:01:01.650536,0070,1579233661,33,b83e53ac5a8a9b8c3350df342ef460f7,274.00
津A24638,2020-01-17 08:31:01.650536,2020-01-17 08:53:01.650536,2020-01-17 08:48:37.650536,0147,1579222117,31,12a94afb0d399acb9f9bf9c164e08d9b,443.00
津A31571,2020-01-17 15:24:17.650536,2020-01-17 15:45:17.650536,2020-01-17 15:41:05.650536,0153,1579246865,33,1c96f568cbe496d5414b3f5d3b2207bc,218.00
津A36807,2020-01-17 22:05:57.650536,2020-01-17 22:33:57.650536,2020-01-17 22:28:21.650536,0188,1579271301,31,6cc45cbb640c945354868c7d5d94a706,397.00
津A25515,2020-01-17 15:20:13.650536,2020-01-17 15:29:13.650536,2020-01-17 15:27:25.650536,0152,1579246045,34,a26928ba7176c9bde9a78c7c542e88ef,397.00
津A18688,2020-01-17 20:54:15.650536,2020-01-17 21:07:15.650536,2020-01-17 21:04:39.650536,0112,1579266279,35,d9ff47a1c3284d0408198e6673966feb,383.00
津A19497,2020-01-17 09:12:42.650536,2020-01-17 09:33:42.650536,2020-01-17 09:29:30.650536,0080,1579224570,35,11b522bd9c05555252095464ed1bdc21,393.00
津A47025,2020-01-17 09:07:28.650536,2020-01-17 09:25:28.650536,2020-01-17 09:21:52.650536,0003,1579224112,32,84c810879ede0c99d984a6f2d8905a6a,485.00
津A17262,2020-01-16 02:57:05.650536,2020-01-16 03:03:05.650536,2020-01-16 03:01:53.650536,0149,1579114913,32,bcf5e33a77ec89fecda8e3ee0a60cda2,273.00
津A17178,2020-01-16 10:16:46.650536,2020-01-16 10:41:46.650536,2020-01-16 10:36:46.650536,0172,1579142206,35,a383ff409c9b3014f48a1d328e9634e4,267.00
津A16738,2020-01-16 04:31:56.650536,2020-01-16 04:40:56.650536,2020-01-16 04:39:08.650536,0022,1579120748,35,e221c4fce059897a789c56c42e6b89f7,326.00
津A42820,2020-01-16 03:59:11.650536,2020-01-16 04:06:11.650536,2020-01-16 04:04:47.650536,0065,1579118687,34,a7d7f7f51b3bf040c58cb9bac842702c,226.00
津A34393,2020-01-16 04:53:57.650536,2020-01-16 05:00:57.650536,2020-01-16 04:59:33.650536,0062,1579121973,33,9b57990993a6562ba2a8bfbc7b3b8325,200.00
津A49870,2020-01-16 15:47:07.650536,2020-01-16 16:16:07.650536,2020-01-16 16:10:19.650536,0192,1579162219,34,5a8a8dd86c5f59f1793e00619445c355,389.00
津A40758,2020-01-16 07:12:11.650536,2020-01-16 07:21:11.650536,2020-01-16 07:19:23.650536,0187,1579130363,33,984fe3aeb5c94d98a65e8d2bf5f38acf,494.00
津A18726,2020-01-16 12:19:52.650536,2020-01-16 12:47:52.650536,2020-01-16 12:42:16.650536,0091,1579149736,35,3940121610ba39c15d918686de2428a5,467.00
津A41936,2020-01-16 01:10:30.650536,2020-01-16 01:36:30.650536,2020-01-16 01:31:18.650536,0046,1579109478,33,d13d6686445f56b1b161b1f8ee846ee9,370.00
津A33016,2020-01-16 20:07:14.650536,2020-01-16 20:32:14.650536,2020-01-16 20:27:14.650536,0096,1579177634,32,c64d21903251e3c23c23dbae491ef700,234.00
津A99959,2020-01-15 08:20:38.650536,2020-01-15 08:26:38.650536,2020-01-15 08:25:26.650536,0046,1579047926,33,281b647d95219ffbd7c61c2adbc63f22,249.00
津A29765,2020-01-15 12:57:09.650536,2020-01-15 13:11:09.650536,2020-01-15 13:08:21.650536,0100,1579064901,31,d8e8eac172737dbc4a1005f2bfd4e8e8,468.00
津A15373,2020-01-15 01:21:32.650536,2020-01-15 01:46:32.650536,2020-01-15 01:41:32.650536,0112,1579023692,35,a6ff7cedcc3aebdd65994a22b3fce586,491.00
津A31083,2020-01-15 09:56:28.650536,2020-01-15 10:24:28.650536,2020-01-15 10:18:52.650536,0134,1579054732,30,15f4bf515b5ca2d466a6baaac9a3ded0,388.00
津A49428,2020-01-15 22:26:34.650536,2020-01-15 22:50:34.650536,2020-01-15 22:45:46.650536,0016,1579099546,32,01b8ed8702c19e9a66db88c70b812831,246.00
津A26031,2020-01-15 16:11:11.650536,2020-01-15 16:37:11.650536,2020-01-15 16:31:59.650536,0040,1579077119,34,36e583668ea486317a9176957d24c665,355.00
津A18949,2020-01-15 21:44:04.650536,2020-01-15 22:05:04.650536,2020-01-15 22:00:52.650536,0135,1579096852,30,6cfeaeaece08853b56e115cb8930d056,381.00
津A83643,2020-01-15 22:07:48.650536,2020-01-15 22:19:48.650536,2020-01-15 22:17:24.650536,0045,1579097844,33,a81861486246784068fa2aaae2d82055,352.00
津A43787,2020-01-15 01:27:08.650536,2020-01-15 01:42:08.650536,2020-01-15 01:39:08.650536,0169,1579023548,32,bccba316663dbacda18c7eaa72643d2e,399.00
津A32781,2020-01-15 01:38:42.650536,2020-01-15 01:49:42.650536,2020-01-15 01:47:30.650536,0111,1579024050,32,65043cfd08716316396a94463cf3c9c7,445.00
津A16814,2020-01-14 14:39:41.650536,2020-01-14 14:57:41.650536,2020-01-14 14:54:05.650536,0093,1578984845,30,607bf59c3c98467ef9ca75a19d81ded1,483.00
津A25480,2020-01-14 23:58:48.650536,2020-01-15 00:17:48.650536,2020-01-15 00:14:00.650536,0146,1579018440,34,f37231d29bb57fc59ff19c73019c2893,493.00
津A55580,2020-01-14 10:55:49.650536,2020-01-14 11:19:49.650536,2020-01-14 11:15:01.650536,0143,1578971701,32,0ba5323b9102c53aad88c1a8fa03434b,361.00
津A97525,2020-01-14 15:44:31.650536,2020-01-14 16:05:31.650536,2020-01-14 16:01:19.650536,0146,1578988879,35,4808c6520a5f55495ce50b99cb79492a,310.00
津A35710,2020-01-14 05:01:50.650536,2020-01-14 05:12:50.650536,2020-01-14 05:10:38.650536,0150,1578949838,35,3639209d18ed302eaeafc3237309c1a3,287.00
津A14853,2020-01-14 00:09:53.650536,2020-01-14 00:34:53.650536,2020-01-14 00:29:53.650536,0107,1578932993,31,45648880a41048419a1866e5bf2e9fd7,275.00
津A26784,2020-01-14 12:07:49.650536,2020-01-14 12:16:49.650536,2020-01-14 12:15:01.650536,0093,1578975301,34,470cb2170273d3c9ed5de22b9f69aa84,438.00
津A26639,2020-01-14 19:49:16.650536,2020-01-14 20:08:16.650536,2020-01-14 20:04:28.650536,0076,1579003468,32,70e92ee89a77c2d7f5cc8e0d7e72054e,292.00
津A21593,2020-01-14 09:38:16.650536,2020-01-14 09:47:16.650536,2020-01-14 09:45:28.650536,0074,1578966328,31,485ac9ea0093f268127015447ee206bc,271.00
津A14777,2020-01-14 04:30:23.650536,2020-01-14 04:51:23.650536,2020-01-14 04:47:11.650536,0036,1578948431,34,e7b3998c5e9e1623f6910ff3bf1b448a,397.00
津A38574,2020-01-13 17:09:20.650536,2020-01-13 17:30:20.650536,2020-01-13 17:26:08.650536,0181,1578907568,35,5dd1c5b35070b1142832cfc84cb32005,448.00
津A11983,2020-01-13 19:35:40.650536,2020-01-13 19:48:40.650536,2020-01-13 19:46:04.650536,0193,1578915964,30,75f9101a890908dc6080fe20ec57917e,389.00
津A34240,2020-01-13 01:13:57.650536,2020-01-13 01:18:57.650536,2020-01-13 01:17:57.650536,0188,1578849477,32,47aa396493f4c8c24447c635d6722b61,433.00
津A60904,2020-01-13 20:56:38.650536,2020-01-13 21:16:38.650536,2020-01-13 21:12:38.650536,0181,1578921158,35,6892f775a464cd8099c3b379e12ea3df,287.00
津A31572,2020-01-13 09:09:39.650536,2020-01-13 09:31:39.650536,2020-01-13 09:27:15.650536,0095,1578878835,31,654516235f4f295c674d990e8a6a5519,485.00
津A70424,2020-01-13 03:42:27.650536,2020-01-13 03:49:27.650536,2020-01-13 03:48:03.650536,0099,1578858483,32,2a86ad94b1b272a12e5dd7661564ae7d,202.00
津A37823,2020-01-13 08:55:18.650536,2020-01-13 09:02:18.650536,2020-01-13 09:00:54.650536,0126,1578877254,33,c2dbf4164729d42d58885871c13877a6,256.00
津A39591,2020-01-13 05:28:08.650536,2020-01-13 05:38:08.650536,2020-01-13 05:36:08.650536,0051,1578864968,32,677fc62a336c777f82934208ca37a8e2,388.00
津A70858,2020-01-13 06:29:22.650536,2020-01-13 06:39:22.650536,2020-01-13 06:37:22.650536,0122,1578868642,33,cce10f4ef0a3e378a84225da8d37ba71,414.00
津A13743,2020-01-13 22:49:17.650536,2020-01-13 22:57:17.650536,2020-01-13 22:55:41.650536,0131,1578927341,32,83164445c5049022673be19d5012bb84,385.00
津A46764,2020-01-12 15:49:42.650536,2020-01-12 16:14:42.650536,2020-01-12 16:09:42.650536,0189,1578816582,33,cb3b3690bad7f10b711ce8782b4e8164,229.00
津A24458,2020-01-12 02:14:49.650536,2020-01-12 02:21:49.650536,2020-01-12 02:20:25.650536,0140,1578766825,30,08b90d3efe03b0ed34d07452fee1e653,288.00
津A94653,2020-01-12 03:43:47.650536,2020-01-12 04:02:47.650536,2020-01-12 03:58:59.650536,0195,1578772739,33,2a216adbc87e8c6a73aa2fc5d59832bd,396.00
津A28634,2020-01-12 06:06:27.650536,2020-01-12 06:17:27.650536,2020-01-12 06:15:15.650536,0153,1578780915,30,f257ec08ca724cf6dbd84ad97ab9843a,482.00
津A19279,2020-01-12 08:32:04.650536,2020-01-12 08:44:04.650536,2020-01-12 08:41:40.650536,0145,1578789700,34,a7f4e8ebb54b3153a3fff2321d497fb2,365.00
津A12284,2020-01-12 20:04:50.650536,2020-01-12 20:11:50.650536,2020-01-12 20:10:26.650536,0122,1578831026,30,a8ac4324f93d8603905ea04a9d1d54ad,243.00
津A47106,2020-01-12 22:43:24.650536,2020-01-12 22:53:24.650536,2020-01-12 22:51:24.650536,0026,1578840684,35,79bec23b2c4e6113d8fd29c23e26f08d,378.00
津A43278,2020-01-12 08:21:38.650536,2020-01-12 08:46:38.650536,2020-01-12 08:41:38.650536,0164,1578789698,30,c45fa7a35f898dd32a16a3bf432b2118,295.00
津A28070,2020-01-12 11:58:25.650536,2020-01-12 12:23:25.650536,2020-01-12 12:18:25.650536,0187,1578802705,34,c3cbb8c95017472ed9af2793b318d374,347.00
津A37835,2020-01-12 20:18:46.650536,2020-01-12 20:29:46.650536,2020-01-12 20:27:34.650536,0151,1578832054,35,1a424dc6b318a5d6d74a1e666baf2db2,493.00
津A17964,2020-01-11 09:28:11.650536,2020-01-11 09:57:11.650536,2020-01-11 09:51:23.650536,0088,1578707483,34,1b990c57f36779c8eb05f226c54dc3e5,430.00
津A15788,2020-01-11 15:12:13.650536,2020-01-11 15:42:13.650536,2020-01-11 15:36:13.650536,0129,1578728173,35,e9f1c38af3bd6df3dc428a67794af957,500.00
津A46929,2020-01-11 11:52:46.650536,2020-01-11 12:22:46.650536,2020-01-11 12:16:46.650536,0152,1578716206,35,36c20a9a81e3f42c39709c9a28c04fa4,285.00
津A33082,2020-01-11 01:35:58.650536,2020-01-11 01:49:58.650536,2020-01-11 01:47:10.650536,0119,1578678430,34,9f4998032f652824c004f2f03c0856ea,422.00
津A71063,2020-01-11 05:17:23.650536,2020-01-11 05:25:23.650536,2020-01-11 05:23:47.650536,0104,1578691427,32,23fd5a3e375fecc878f63a5ccc3099f7,386.00
津A88652,2020-01-11 22:11:17.650536,2020-01-11 22:18:17.650536,2020-01-11 22:16:53.650536,0120,1578752213,31,417fc4656918fbcbe7d8de4f239d3ecb,403.00
津A12325,2020-01-11 11:46:29.650536,2020-01-11 12:16:29.650536,2020-01-11 12:10:29.650536,0043,1578715829,35,d660b38f4bb78dcdb42cf5e258403dc3,272.00
津A31242,2020-01-11 07:57:59.650536,2020-01-11 08:20:59.650536,2020-01-11 08:16:23.650536,0166,1578701783,32,40362ce06f7e1e4cc3be6e667fc906c0,478.00
津A27622,2020-01-11 18:07:04.650536,2020-01-11 18:25:04.650536,2020-01-11 18:21:28.650536,0080,1578738088,30,821655baa0764a6aecb16d1ebc1614f7,500.00
津A16472,2020-01-11 11:02:20.650536,2020-01-11 11:07:20.650536,2020-01-11 11:06:20.650536,0045,1578711980,34,e4240d369f558930d5f41356da4ace77,437.00
津A11864,2020-01-10 15:28:38.650536,2020-01-10 15:54:38.650536,2020-01-10 15:49:26.650536,0034,1578642566,35,fef4582c16f375b11b35a8ead4c9a0c7,498.00
津A13497,2020-01-10 16:08:33.650536,2020-01-10 16:21:33.650536,2020-01-10 16:18:57.650536,0058,1578644337,34,d4784fc2345ad3cb8831279804bd33c3,497.00
津A58312,2020-01-10 11:53:57.650536,2020-01-10 12:19:57.650536,2020-01-10 12:14:45.650536,0101,1578629685,30,971eb11227e5db3bef167fd3d44c87be,470.00
津A22334,2020-01-10 11:19:55.650536,2020-01-10 11:47:55.650536,2020-01-10 11:42:19.650536,0040,1578627739,33,63f703e3db074f865659fbcfef2c91bc,355.00
津A40472,2020-01-10 12:46:51.650536,2020-01-10 12:59:51.650536,2020-01-10 12:57:15.650536,0152,1578632235,31,418680073daf6a52b99f775eac800291,230.00
津A35456,2020-01-10 05:45:41.650536,2020-01-10 06:02:41.650536,2020-01-10 05:59:17.650536,0189,1578607157,34,c14a6b5c82bf4e34596ed949839ba8c2,206.00
津A44812,2020-01-10 05:32:55.650536,2020-01-10 05:37:55.650536,2020-01-10 05:36:55.650536,0198,1578605815,35,674214badb9445c7486da6911981d241,353.00
津A24593,2020-01-10 07:16:28.650536,2020-01-10 07:31:28.650536,2020-01-10 07:28:28.650536,0151,1578612508,30,f7d6e1c4c9b9e11cdc8e62492416aca9,441.00
津A45777,2020-01-10 01:37:51.650536,2020-01-10 01:49:51.650536,2020-01-10 01:47:27.650536,0087,1578592047,33,4d70da9c9995a737c4814d5e81570560,332.00
津A42328,2020-01-10 10:47:13.650536,2020-01-10 11:03:13.650536,2020-01-10 11:00:01.650536,0076,1578625201,31,7e05632e6f1809b6d95a0d2f7c6b6421,227.00
津A43829,2020-01-09 02:10:19.650536,2020-01-09 02:36:19.650536,2020-01-09 02:31:07.650536,0178,1578508267,35,4579f5651ecb0fb9a382a060bf7d250f,300.00
津A47350,2020-01-09 03:14:55.650536,2020-01-09 03:20:55.650536,2020-01-09 03:19:43.650536,0069,1578511183,35,3edc1e4019fd80421097713eb22a6903,253.00
津A23955,2020-01-09 22:09:07.650536,2020-01-09 22:33:07.650536,2020-01-09 22:28:19.650536,0077,1578580099,32,46f762a0fd8100944022c501b1c799b8,308.00
津A29006,2020-01-09 22:15:44.650536,2020-01-09 22:21:44.650536,2020-01-09 22:20:32.650536,0178,1578579632,31,163fe730b3dc1bd3739bda24909a363f,207.00
津A13485,2020-01-09 20:22:32.650536,2020-01-09 20:45:32.650536,2020-01-09 20:40:56.650536,0039,1578573656,33,f8a79d906266a6c7acb01b43ce987e32,430.00
津A21750,2020-01-09 02:11:32.650536,2020-01-09 02:22:32.650536,2020-01-09 02:20:20.650536,0178,1578507620,30,23ecc3e58d34cb5d74474e5a6a48de59,276.00
津A21237,2020-01-09 20:13:16.650536,2020-01-09 20:30:16.650536,2020-01-09 20:26:52.650536,0045,1578572812,34,513becbded6b673c626ebcec339b651a,287.00
津A39540,2020-01-09 11:05:36.650536,2020-01-09 11:15:36.650536,2020-01-09 11:13:36.650536,0058,1578539616,35,b00922967bd7a7ab99b6c5eecc46e59c,456.00
津A35417,2020-01-09 10:40:12.650536,2020-01-09 10:48:12.650536,2020-01-09 10:46:36.650536,0015,1578537996,34,f9fee8f56b497ed359a960deed401668,488.00
津A48574,2020-01-09 10:51:24.650536,2020-01-09 11:14:24.650536,2020-01-09 11:09:48.650536,0096,1578539388,35,33d94ce380f67bc5231970e2a3f3444c,232.00
津A47755,2020-01-08 13:49:18.650536,2020-01-08 14:18:18.650536,2020-01-08 14:12:30.650536,0060,1578463950,34,a9ba9ee62253aa6672816a0fdaaae2b2,405.00
津A73251,2020-01-08 08:07:35.650536,2020-01-08 08:35:35.650536,2020-01-08 08:29:59.650536,0090,1578443399,32,99456df813bd2cca9ec5b60b445f47c7,488.00
津A31776,2020-01-08 06:49:09.650536,2020-01-08 06:57:09.650536,2020-01-08 06:55:33.650536,0172,1578437733,30,fbfc56e4fa8987ab6d7a618c71e3858b,295.00
津A40192,2020-01-08 04:25:12.650536,2020-01-08 04:50:12.650536,2020-01-08 04:45:12.650536,0146,1578429912,33,e0234dc76f1a3d35226719221100239a,210.00
津A30243,2020-01-08 00:41:21.650536,2020-01-08 00:55:21.650536,2020-01-08 00:52:33.650536,0081,1578415953,33,d3ee913d183fb07f29386595e1e2e72e,417.00
津A24142,2020-01-08 11:25:12.650536,2020-01-08 11:31:12.650536,2020-01-08 11:30:00.650536,0153,1578454200,32,abee32037e22a424bc508f471767de4d,440.00
津A22559,2020-01-08 06:21:13.650536,2020-01-08 06:42:13.650536,2020-01-08 06:38:01.650536,0069,1578436681,30,a2742efbe4d3d7fa30c171ad2c1d4b3d,284.00
津A48905,2020-01-08 10:08:57.650536,2020-01-08 10:34:57.650536,2020-01-08 10:29:45.650536,0168,1578450585,35,69f81893285b18e1f21b02d10393ace0,438.00
津A14647,2020-01-08 23:38:11.650536,2020-01-08 23:51:11.650536,2020-01-08 23:48:35.650536,0162,1578498515,33,e5e4b48c8ac72a465d719a59a8e39666,212.00
津A48536,2020-01-08 22:29:59.650536,2020-01-08 22:58:59.650536,2020-01-08 22:53:11.650536,0173,1578495191,33,6a0d40a50f1f428d0914683da4740873,349.00
津A89850,2020-01-07 07:49:31.650536,2020-01-07 07:59:31.650536,2020-01-07 07:57:31.650536,0155,1578355051,32,809d104ba443ebb43441bd5dae6142f5,256.00
津A42848,2020-01-07 08:10:27.650536,2020-01-07 08:21:27.650536,2020-01-07 08:19:15.650536,0115,1578356355,34,607c64635295996018eecf3b2a059e84,325.00
津A79212,2020-01-07 15:24:16.650536,2020-01-07 15:42:16.650536,2020-01-07 15:38:40.650536,0119,1578382720,32,d9e26e3944e068f3ce345574447b34b9,428.00
津A18729,2020-01-07 05:42:11.650536,2020-01-07 05:48:11.650536,2020-01-07 05:46:59.650536,0063,1578347219,31,7f65461dd1aef8c79767e649135d6004,298.00
津A21990,2020-01-07 22:12:27.650536,2020-01-07 22:20:27.650536,2020-01-07 22:18:51.650536,0117,1578406731,34,3347b5df2e1ddb7d087529c1b4160141,263.00
津A16864,2020-01-07 16:10:52.650536,2020-01-07 16:25:52.650536,2020-01-07 16:22:52.650536,0110,1578385372,31,3e4fcda063af84fae6ef48e0f4136ad0,474.00
津A25046,2020-01-07 07:45:16.650536,2020-01-07 08:07:16.650536,2020-01-07 08:02:52.650536,0171,1578355372,35,973060ae4311534e2023b4aadcd17b41,478.00
津A31706,2020-01-07 23:54:15.650536,2020-01-08 00:14:15.650536,2020-01-08 00:10:15.650536,0028,1578413415,32,9ea864e8a8d02ce36f50caee274641f5,373.00
津A11673,2020-01-07 06:31:45.650536,2020-01-07 06:42:45.650536,2020-01-07 06:40:33.650536,0179,1578350433,32,c3d54b511f96817e32c296f9db04cf88,231.00
津A20940,2020-01-07 15:30:20.650536,2020-01-07 15:53:20.650536,2020-01-07 15:48:44.650536,0170,1578383324,33,66364d1d784ee8291780d60150d948df,312.00
津A30394,2020-01-06 04:23:40.650536,2020-01-06 04:37:40.650536,2020-01-06 04:34:52.650536,0034,1578256492,34,6f09505332e49075b8428dbefb259cb0,421.00
津A11453,2020-01-06 05:41:34.650536,2020-01-06 05:54:34.650536,2020-01-06 05:51:58.650536,0186,1578261118,34,bafa5800978ab5ac15239ad3ec915b6e,397.00
津A28465,2020-01-06 15:03:50.650536,2020-01-06 15:14:50.650536,2020-01-06 15:12:38.650536,0139,1578294758,32,265af8bd8a9f692961102422b155efb5,219.00
津A39401,2020-01-06 13:57:03.650536,2020-01-06 14:19:03.650536,2020-01-06 14:14:39.650536,0107,1578291279,35,d4bdf80f2b9a06969fc130c0794b4851,275.00
津A76742,2020-01-06 01:33:48.650536,2020-01-06 01:59:48.650536,2020-01-06 01:54:36.650536,0121,1578246876,32,3b767c9d3c56d21efdb5902ce552b7e0,401.00
津A31308,2020-01-06 23:27:08.650536,2020-01-06 23:53:08.650536,2020-01-06 23:47:56.650536,0000,1578325676,31,94ca182cf3b1cc631f9c47b792e12538,466.00
津A12119,2020-01-06 16:37:57.650536,2020-01-06 16:56:57.650536,2020-01-06 16:53:09.650536,0183,1578300789,35,60315ba159b8271a4528046f7d5938cb,386.00
津A42042,2020-01-06 07:44:43.650536,2020-01-06 08:02:43.650536,2020-01-06 07:59:07.650536,0047,1578268747,35,1d8b1a2008dd392d98868c1226d80dfa,444.00
津A31866,2020-01-06 06:47:29.650536,2020-01-06 07:14:29.650536,2020-01-06 07:09:05.650536,0072,1578265745,31,8396ac19fece6012247dbc951494bd70,424.00
津A29906,2020-01-06 06:45:29.650536,2020-01-06 07:06:29.650536,2020-01-06 07:02:17.650536,0092,1578265337,35,256218ad905b3c1561e4fef187582471,373.00
津A42767,2020-01-05 22:19:55.650536,2020-01-05 22:39:55.650536,2020-01-05 22:35:55.650536,0119,1578234955,30,a78b89afe4bde77d0e7149cb7588e9c5,483.00
津A29950,2020-01-05 16:53:10.650536,2020-01-05 17:07:10.650536,2020-01-05 17:04:22.650536,0122,1578215062,30,eb38345fc47d38ac714be73878bbeee6,303.00
津A30213,2020-01-05 20:35:55.650536,2020-01-05 20:43:55.650536,2020-01-05 20:42:19.650536,0119,1578228139,32,a78049b57af766f3d88f03b06e753612,390.00
津A48035,2020-01-05 17:24:44.650536,2020-01-05 17:29:44.650536,2020-01-05 17:28:44.650536,0117,1578216524,30,b318b545f76c443baf703e0fdef5e8e8,296.00
津A25357,2020-01-05 22:33:17.650536,2020-01-05 22:47:17.650536,2020-01-05 22:44:29.650536,0188,1578235469,32,86fb7735647212a4ac96866715400ee6,247.00
津A16924,2020-01-05 10:34:58.650536,2020-01-05 11:02:58.650536,2020-01-05 10:57:22.650536,0076,1578193042,34,76fa70c7cb3b0e60d0e09110cbbf2298,206.00
津A68412,2020-01-05 16:41:23.650536,2020-01-05 17:00:23.650536,2020-01-05 16:56:35.650536,0141,1578214595,34,e0e2d3d0e3ba2e426340daea8cdc255f,237.00
津A28818,2020-01-05 15:54:37.650536,2020-01-05 16:06:37.650536,2020-01-05 16:04:13.650536,0178,1578211453,32,2eda5f3643e4d4002063ec5422692036,414.00
津A27612,2020-01-05 23:30:23.650536,2020-01-05 23:57:23.650536,2020-01-05 23:51:59.650536,0168,1578239519,35,77e76551cd9f94db1e116fc7ff1ebe51,373.00
津A37894,2020-01-05 09:04:07.650536,2020-01-05 09:18:07.650536,2020-01-05 09:15:19.650536,0026,1578186919,35,4557f86573d3e613bbe6377acb26bc5a,209.00
津A54467,2020-01-04 15:56:49.650536,2020-01-04 16:09:49.650536,2020-01-04 16:07:13.650536,0156,1578125233,35,3e15d306024186fea0ef82b0944d728e,430.00
津A93395,2020-01-04 02:01:54.650536,2020-01-04 02:12:54.650536,2020-01-04 02:10:42.650536,0019,1578075042,35,e73099eff62484cb81402e63c5a04a16,247.00
津A29187,2020-01-04 21:04:31.650536,2020-01-04 21:20:31.650536,2020-01-04 21:17:19.650536,0050,1578143839,30,32398236999db87a32c433ea9eeb7ae1,500.00
津A12340,2020-01-04 03:21:29.650536,2020-01-04 03:34:29.650536,2020-01-04 03:31:53.650536,0111,1578079913,31,1af47705211c0359dc5d210ec9a469f3,239.00
津A44907,2020-01-04 10:40:38.650536,2020-01-04 10:50:38.650536,2020-01-04 10:48:38.650536,0020,1578106118,35,4aba610d3e28491c729c75a7a333bdbc,297.00
津A35137,2020-01-04 01:08:30.650536,2020-01-04 01:35:30.650536,2020-01-04 01:30:06.650536,0089,1578072606,32,6aa63fab89c27a9556fc6b09576b2cee,371.00
津A12698,2020-01-04 11:38:40.650536,2020-01-04 11:46:40.650536,2020-01-04 11:45:04.650536,0027,1578109504,33,d46497d1229ba70b5f454c43a5e163aa,484.00
津A98872,2020-01-04 22:31:17.650536,2020-01-04 22:47:17.650536,2020-01-04 22:44:05.650536,0017,1578149045,33,01948b7c63d89503aa862148e38c9ebe,394.00
津A26000,2020-01-04 07:22:02.650536,2020-01-04 07:51:02.650536,2020-01-04 07:45:14.650536,0103,1578095114,31,e08b195a4f5eb2714012c9b8496a7ba3,348.00
津A48030,2020-01-04 22:52:35.650536,2020-01-04 23:02:35.650536,2020-01-04 23:00:35.650536,0192,1578150035,31,01471690e39f2ec2166e314066f5d216,290.00
津A43366,2020-01-03 01:26:41.650536,2020-01-03 01:49:41.650536,2020-01-03 01:45:05.650536,0062,1577987105,34,58c7d7f67fb037f9cf0b9bd4487e8f6b,332.00
津A95843,2020-01-03 15:57:28.650536,2020-01-03 16:17:28.650536,2020-01-03 16:13:28.650536,0038,1578039208,30,d330443de50d410e855e2b78e82e0d3e,338.00
津A17409,2020-01-03 22:28:51.650536,2020-01-03 22:33:51.650536,2020-01-03 22:32:51.650536,0117,1578061971,30,fdd72f9e92df92341421de88f98f6b0a,411.00
津A34218,2020-01-03 03:23:49.650536,2020-01-03 03:45:49.650536,2020-01-03 03:41:25.650536,0070,1577994085,34,3ca6a19a80981bfd802a2ffd2c33ecc6,368.00
津A31288,2020-01-03 02:51:56.650536,2020-01-03 03:11:56.650536,2020-01-03 03:07:56.650536,0125,1577992076,30,641207fc55affd49d609379a02a713be,237.00
津A22634,2020-01-03 13:44:38.650536,2020-01-03 14:12:38.650536,2020-01-03 14:07:02.650536,0079,1578031622,32,1803e72791e38ad4fc0ee4810ef1f447,283.00
津A13245,2020-01-03 07:05:21.650536,2020-01-03 07:12:21.650536,2020-01-03 07:10:57.650536,0086,1578006657,33,de2252aca76d20d04940cd76fad831fe,239.00
津A22306,2020-01-03 20:14:00.650536,2020-01-03 20:33:00.650536,2020-01-03 20:29:12.650536,0109,1578054552,30,f328ce54ea935dad3194f7e2fb943273,314.00
津A34145,2020-01-03 05:06:48.650536,2020-01-03 05:24:48.650536,2020-01-03 05:21:12.650536,0190,1578000072,34,6b84e62f485a7741c7bd86e2e0446748,431.00
津A35703,2020-01-03 00:07:15.650536,2020-01-03 00:26:15.650536,2020-01-03 00:22:27.650536,0171,1577982147,31,6f3d4b7ab3c8e5e64b707e82224f3605,247.00
津A11783,2020-01-02 12:03:30.650536,2020-01-02 12:32:30.650536,2020-01-02 12:26:42.650536,0137,1577939202,35,ab56a0fcde7dde075e96d9bcf27b1631,385.00
津A34912,2020-01-02 08:32:30.650536,2020-01-02 09:00:30.650536,2020-01-02 08:54:54.650536,0124,1577926494,30,ff1aa95c5e1c89f7b59c407a11c32a35,337.00
津A13964,2020-01-02 19:07:40.650536,2020-01-02 19:17:40.650536,2020-01-02 19:15:40.650536,0005,1577963740,34,4c54f07639a19034449b2504327a8727,444.00
津A38860,2020-01-02 12:01:00.650536,2020-01-02 12:11:00.650536,2020-01-02 12:09:00.650536,0013,1577938140,30,84e4bf9a34abe181572f9b782831af5b,244.00
津A30444,2020-01-02 09:34:42.650536,2020-01-02 09:56:42.650536,2020-01-02 09:52:18.650536,0033,1577929938,33,3f83c4681eddcdd6937ff0b3772bbba3,247.00
津A13218,2020-01-02 17:04:43.650536,2020-01-02 17:17:43.650536,2020-01-02 17:15:07.650536,0099,1577956507,32,ea2ece85f40673117830083dd951eaf5,233.00
津A35415,2020-01-02 01:54:45.650536,2020-01-02 01:59:45.650536,2020-01-02 01:58:45.650536,0115,1577901525,32,5acd0eccc829c536a090dc7cb9d7b30f,287.00
津A19156,2020-01-02 16:16:42.650536,2020-01-02 16:41:42.650536,2020-01-02 16:36:42.650536,0134,1577954202,35,1f46d551ce5ed7e6a97e280bdb2fbd06,227.00
津A19729,2020-01-02 23:54:35.650536,2020-01-03 00:00:35.650536,2020-01-02 23:59:23.650536,0016,1577980763,32,36f74ce25eb6f903d304c0bdd791fb2d,468.00
津A62629,2020-01-02 11:38:53.650536,2020-01-02 11:51:53.650536,2020-01-02 11:49:17.650536,0033,1577936957,30,53d0d67c889981c5abb5652ba394d423,310.00
津A17017,2020-01-01 05:01:41.650536,2020-01-01 05:24:41.650536,2020-01-01 05:20:05.650536,0004,1577827205,31,8d14af289b113f5470e7cac2c3f8a7f8,308.00
津A31551,2020-01-01 09:48:30.650536,2020-01-01 10:03:30.650536,2020-01-01 10:00:30.650536,0182,1577844030,31,6f955b4a294745a6e9cc2bb645c1482c,441.00
津A64127,2020-01-01 17:51:05.650536,2020-01-01 18:00:05.650536,2020-01-01 17:58:17.650536,0087,1577872697,32,a56423591dedbb7566128f4272dc6a8d,204.00
津A22568,2020-01-01 06:18:18.650536,2020-01-01 06:44:18.650536,2020-01-01 06:39:06.650536,0085,1577831946,32,50f4c4db4414755286136dcf5442d75e,300.00
津A45276,2020-01-01 19:56:29.650536,2020-01-01 20:14:29.650536,2020-01-01 20:10:53.650536,0122,1577880653,32,2f49462a43210275873fbbbb4016bd85,486.00
津A47176,2020-01-01 05:17:44.650536,2020-01-01 05:39:44.650536,2020-01-01 05:35:20.650536,0141,1577828120,30,99803f44fd1739faee2a773b37d0883f,436.00
津A18624,2020-01-01 04:59:30.650536,2020-01-01 05:17:30.650536,2020-01-01 05:13:54.650536,0010,1577826834,34,a963d6591a6dc7b357bf76f79658a6b3,323.00
津A91368,2020-01-01 06:58:13.650536,2020-01-01 07:10:13.650536,2020-01-01 07:07:49.650536,0183,1577833669,31,a325821584769ec9d902be6e66ad622f,252.00
津A31126,2020-01-01 14:31:28.650536,2020-01-01 14:55:28.650536,2020-01-01 14:50:40.650536,0072,1577861440,34,a7b627fdbb70ec5e103913060e21b518,255.00
津A38027,2020-01-01 17:34:12.650536,2020-01-01 17:50:12.650536,2020-01-01 17:47:00.650536,0112,1577872020,34,881e782e862a0ef74129502e41f16235,404.00
津A90824,2019-12-31 21:03:15.650536,2019-12-31 21:19:15.650536,2019-12-31 21:16:03.650536,0111,1577798163,34,4a13f4809ab3b31c0dc4466de1d63447,366.00
津A30995,2019-12-31 20:27:44.650536,2019-12-31 20:48:44.650536,2019-12-31 20:44:32.650536,0141,1577796272,35,278f8627b45a5a124e526eb8248f5301,481.00
津A13808,2019-12-31 04:19:36.650536,2019-12-31 04:25:36.650536,2019-12-31 04:24:24.650536,0049,1577737464,35,3e6c532364e6846a9ff423ef5244850c,284.00
津A42479,2019-12-31 14:34:25.650536,2019-12-31 14:58:25.650536,2019-12-31 14:53:37.650536,0035,1577775217,32,c185a3ee883f8ec0d692651ff39ab871,470.00
津A22888,2019-12-31 09:41:35.650536,2019-12-31 09:59:35.650536,2019-12-31 09:55:59.650536,0026,1577757359,32,8f2fd6542c17e6752f77571c13881f30,227.00
津A48417,2019-12-31 08:01:19.650536,2019-12-31 08:06:19.650536,2019-12-31 08:05:19.650536,0017,1577750719,31,77ab1a5cd0cd72494376a3d950aec981,408.00
津A28195,2019-12-31 02:34:40.650536,2019-12-31 02:58:40.650536,2019-12-31 02:53:52.650536,0186,1577732032,32,b90885d395fad567da4bc3c6506fb5ec,203.00
津A42411,2019-12-31 02:59:49.650536,2019-12-31 03:08:49.650536,2019-12-31 03:07:01.650536,0071,1577732821,34,71698fb3dc01fd4d892378dc37f3098a,467.00
津A15848,2019-12-31 03:06:16.650536,2019-12-31 03:25:16.650536,2019-12-31 03:21:28.650536,0026,1577733688,33,96560708597ba86849ee7058b5848e21,460.00
津A24517,2019-12-31 04:30:13.650536,2019-12-31 04:42:13.650536,2019-12-31 04:39:49.650536,0022,1577738389,30,d69e2324a2f6d5e1beb97c77a5171a27,488.00
津A47218,2019-12-30 03:22:39.650536,2019-12-30 03:33:39.650536,2019-12-30 03:31:27.650536,0128,1577647887,31,b76298e35dd0d4da3a8cc2bd5e2badd7,434.00
津A35713,2019-12-30 14:24:33.650536,2019-12-30 14:48:33.650536,2019-12-30 14:43:45.650536,0107,1577688225,34,d5157311132ad00f7db78d75297bf572,254.00
津A22880,2019-12-30 11:41:48.650536,2019-12-30 11:55:48.650536,2019-12-30 11:53:00.650536,0011,1577677980,33,899c0af67e214942a05f7f5fb0f32bf3,328.00
津A42248,2019-12-30 13:56:59.650536,2019-12-30 14:22:59.650536,2019-12-30 14:17:47.650536,0184,1577686667,33,edd81cecfddd6626312f0203e03eca1c,218.00
津A28661,2019-12-30 07:50:59.650536,2019-12-30 07:55:59.650536,2019-12-30 07:54:59.650536,0166,1577663699,30,ce791bbeb2a0609b5b97d1103ea30314,477.00
津A43429,2019-12-30 20:49:14.650536,2019-12-30 20:57:14.650536,2019-12-30 20:55:38.650536,0025,1577710538,32,8049b5cb62c01235b523f6f9850e8039,362.00
津A43706,2019-12-30 12:31:04.650536,2019-12-30 12:48:04.650536,2019-12-30 12:44:40.650536,0016,1577681080,30,8dd54f950ff631e649fc50488eb63301,235.00
津A19450,2019-12-30 07:40:49.650536,2019-12-30 07:54:49.650536,2019-12-30 07:52:01.650536,0199,1577663521,33,be1dc94fea08ae62182aa1bb6e76a272,465.00
津A27456,2019-12-30 23:17:35.650536,2019-12-30 23:32:35.650536,2019-12-30 23:29:35.650536,0122,1577719775,35,0bdd519cffb2eee230217a2d1e8f7375,245.00
津A91584,2019-12-30 22:42:41.650536,2019-12-30 22:54:41.650536,2019-12-30 22:52:17.650536,0187,1577717537,32,395451e1250a8288870a095edcd379cd,434.00
津A78090,2019-12-29 19:38:18.650536,2019-12-29 19:49:18.650536,2019-12-29 19:47:06.650536,0122,1577620026,32,28e4e06120c0eb5fe97f9783a1db756b,326.00
津A73020,2019-12-29 12:36:53.650536,2019-12-29 12:41:53.650536,2019-12-29 12:40:53.650536,0090,1577594453,32,33ddafda1e89f820abd031d3fba834f6,378.00
津A30756,2019-12-29 00:59:45.650536,2019-12-29 01:24:45.650536,2019-12-29 01:19:45.650536,0124,1577553585,30,df8bb4a78d36e559a16ecc65c56b3fed,200.00
津A23451,2019-12-29 06:21:51.650536,2019-12-29 06:43:51.650536,2019-12-29 06:39:27.650536,0196,1577572767,30,2cf00731a1416b839ef01cb91a812b31,267.00
津A45407,2019-12-29 13:55:27.650536,2019-12-29 14:17:27.650536,2019-12-29 14:13:03.650536,0035,1577599983,30,7a2aa709988730128c49ce7c36bad6b4,248.00
津A24666,2019-12-29 20:02:06.650536,2019-12-29 20:27:06.650536,2019-12-29 20:22:06.650536,0129,1577622126,32,334b26cb51808b2de2a9b9a9660e8bae,483.00
津A39993,2019-12-29 11:35:22.650536,2019-12-29 12:00:22.650536,2019-12-29 11:55:22.650536,0188,1577591722,35,066e1b348acbc6f2b28d8710bc0d38c5,416.00
津A18828,2019-12-29 04:36:25.650536,2019-12-29 04:44:25.650536,2019-12-29 04:42:49.650536,0111,1577565769,33,00ce1fccf2babdab19e74d4ca8a9ebb4,461.00
津A32612,2019-12-29 01:22:15.650536,2019-12-29 01:40:15.650536,2019-12-29 01:36:39.650536,0090,1577554599,31,7af2588507bdb13e4ec997a094c44f93,353.00
津A47530,2019-12-29 09:50:47.650536,2019-12-29 10:04:47.650536,2019-12-29 10:01:59.650536,0163,1577584919,33,b97fe11ff2e6a4d92f5e8b2fb5a6ba6f,352.00
津A38571,2019-12-28 15:10:03.650536,2019-12-28 15:36:03.650536,2019-12-28 15:30:51.650536,0188,1577518251,35,84da1aeb49686029acb6e452fb0e7c37,226.00
津A19113,2019-12-28 21:45:38.650536,2019-12-28 22:15:38.650536,2019-12-28 22:09:38.650536,0093,1577542178,33,1e133cf72c72568bb8504048185ec639,439.00
津A42711,2019-12-28 05:17:27.650536,2019-12-28 05:42:27.650536,2019-12-28 05:37:27.650536,0178,1577482647,34,d252301596a336a51c1b168e247ff582,365.00
津A23868,2019-12-28 10:32:37.650536,2019-12-28 10:59:37.650536,2019-12-28 10:54:13.650536,0031,1577501653,32,4b36c35743a85731c943078e090433e9,343.00
津A44745,2019-12-28 18:23:05.650536,2019-12-28 18:51:05.650536,2019-12-28 18:45:29.650536,0153,1577529929,31,af71032a425e27a74a5d7a2fd8630268,380.00
津A13980,2019-12-28 10:10:36.650536,2019-12-28 10:40:36.650536,2019-12-28 10:34:36.650536,0177,1577500476,33,f4a709ac5d88bad97565980745f65870,261.00
津A41889,2019-12-28 05:35:38.650536,2019-12-28 05:43:38.650536,2019-12-28 05:42:02.650536,0057,1577482922,34,d75ac5bafee03ea7cdbce66fce0070d2,210.00
津A42936,2019-12-28 19:40:10.650536,2019-12-28 20:10:10.650536,2019-12-28 20:04:10.650536,0046,1577534650,33,5377cecb174a94cf680f3ab1dcdefd83,385.00
津A14295,2019-12-28 13:54:43.650536,2019-12-28 14:18:43.650536,2019-12-28 14:13:55.650536,0178,1577513635,33,122361ad33be3a3f834278ac51bb569c,499.00
津A79565,2019-12-28 08:48:28.650536,2019-12-28 09:10:28.650536,2019-12-28 09:06:04.650536,0103,1577495164,31,83ca13277e7cee5b504d8bef47a94dfa,417.00
津A43236,2019-12-27 21:14:50.650536,2019-12-27 21:23:50.650536,2019-12-27 21:22:02.650536,0110,1577452922,33,0a1bee6fd1310950d7e131d27c92858a,437.00
津A32007,2019-12-27 17:51:11.650536,2019-12-27 17:57:11.650536,2019-12-27 17:55:59.650536,0153,1577440559,35,1ecba906984efbd0f0c4e87b451d41e2,315.00
津A10907,2019-12-27 11:31:35.650536,2019-12-27 11:49:35.650536,2019-12-27 11:45:59.650536,0005,1577418359,33,b67f1037edfc610834c07fe5bafc3844,281.00
津A17870,2019-12-27 06:18:46.650536,2019-12-27 06:37:46.650536,2019-12-27 06:33:58.650536,0013,1577399638,32,4f0070450bd23cdbf2e95b961f03423b,280.00
津A23862,2019-12-27 02:35:53.650536,2019-12-27 03:04:53.650536,2019-12-27 02:59:05.650536,0093,1577386745,30,9f9e665666c901254977dd2d8343c292,427.00
津A33733,2019-12-27 13:56:17.650536,2019-12-27 14:07:17.650536,2019-12-27 14:05:05.650536,0067,1577426705,33,22135a09dec7fc5931f8b0ae4e1fc2dd,464.00
津A35933,2019-12-27 14:23:25.650536,2019-12-27 14:46:25.650536,2019-12-27 14:41:49.650536,0072,1577428909,32,75475e850ef657beeba8d8e7dabb4289,479.00
津A77924,2019-12-27 22:23:31.650536,2019-12-27 22:51:31.650536,2019-12-27 22:45:55.650536,0191,1577457955,30,4659f8e998a45c4226c7a14a53f60e56,441.00
津A32401,2019-12-27 01:56:53.650536,2019-12-27 02:13:53.650536,2019-12-27 02:10:29.650536,0055,1577383829,32,3dcae26987114482fbf28d7eac081501,395.00
津A44559,2019-12-27 12:49:04.650536,2019-12-27 12:59:04.650536,2019-12-27 12:57:04.650536,0061,1577422624,33,ba5b45af8b5eba43f797f21b7fcf02e1,420.00
津A42015,2019-12-26 17:13:38.650536,2019-12-26 17:23:38.650536,2019-12-26 17:21:38.650536,0050,1577352098,33,eaa57afc4c66bc9d1cdb2c4be8f8f9ef,415.00
津A21648,2019-12-26 11:06:08.650536,2019-12-26 11:32:08.650536,2019-12-26 11:26:56.650536,0113,1577330816,31,86b4ee2cfcdac0614e398478f3c317aa,252.00
津A40248,2019-12-26 21:18:02.650536,2019-12-26 21:32:02.650536,2019-12-26 21:29:14.650536,0085,1577366954,33,89a41d2c50d99d4adda7b01a764dc154,300.00
津A11295,2019-12-26 18:41:42.650536,2019-12-26 19:00:42.650536,2019-12-26 18:56:54.650536,0098,1577357814,31,5ead419cb767fec128ce01f010c740d9,312.00
津A46836,2019-12-26 22:45:06.650536,2019-12-26 22:54:06.650536,2019-12-26 22:52:18.650536,0084,1577371938,32,8e8699a22873bfb875e6c9df785818df,352.00
津A31537,2019-12-26 10:43:34.650536,2019-12-26 11:05:34.650536,2019-12-26 11:01:10.650536,0166,1577329270,33,f26798e3ec0617d383bad3e1102cce53,217.00
津A34883,2019-12-26 04:28:41.650536,2019-12-26 04:52:41.650536,2019-12-26 04:47:53.650536,0115,1577306873,33,32c66abd7b52a3d999dd52d74c7ac75e,444.00
津A40630,2019-12-26 20:16:35.650536,2019-12-26 20:31:35.650536,2019-12-26 20:28:35.650536,0193,1577363315,32,6ce0ef331336eefc886b7abface18627,364.00
津A60779,2019-12-26 02:44:05.650536,2019-12-26 02:58:05.650536,2019-12-26 02:55:17.650536,0089,1577300117,35,68a4eaa73da57dd5df68423665d4ecf2,496.00
津A65060,2019-12-26 14:46:13.650536,2019-12-26 15:07:13.650536,2019-12-26 15:03:01.650536,0174,1577343781,30,72b2eb4c3b908b4749aab82a227a700b,330.00
津A11446,2019-12-25 20:15:10.650536,2019-12-25 20:43:10.650536,2019-12-25 20:37:34.650536,0080,1577277454,31,a691fb4778044142d4808bcf65de5a02,312.00
津A27944,2019-12-25 01:48:33.650536,2019-12-25 02:18:33.650536,2019-12-25 02:12:33.650536,0014,1577211153,30,f9b50504d9c26c271191549408bed4d0,231.00
津A34053,2019-12-25 15:50:16.650536,2019-12-25 16:15:16.650536,2019-12-25 16:10:16.650536,0021,1577261416,35,c214721782a0b669589422938e568ee2,480.00
津A58850,2019-12-25 08:56:54.650536,2019-12-25 09:08:54.650536,2019-12-25 09:06:30.650536,0058,1577235990,33,738f06027f5bde9dfb31f2b56aedf535,219.00
津A33679,2019-12-25 04:26:12.650536,2019-12-25 04:38:12.650536,2019-12-25 04:35:48.650536,0074,1577219748,30,d0f92572d1911a962c0043de479eb9d9,464.00
津A17888,2019-12-25 04:02:18.650536,2019-12-25 04:13:18.650536,2019-12-25 04:11:06.650536,0075,1577218266,35,090bcf3ac6317aabcaeeba8606d65961,406.00
津A11204,2019-12-25 08:10:48.650536,2019-12-25 08:39:48.650536,2019-12-25 08:34:00.650536,0112,1577234040,34,7f67cea15f38658d1356ae08ced79309,209.00
津A41149,2019-12-25 20:38:06.650536,2019-12-25 21:04:06.650536,2019-12-25 20:58:54.650536,0089,1577278734,35,e2d65b016a8d6d9307512deba62d7d45,458.00
津A14637,2019-12-25 03:23:56.650536,2019-12-25 03:35:56.650536,2019-12-25 03:33:32.650536,0181,1577216012,33,1aaa1aadf6263f6a0f430662d274764b,418.00
津A45786,2019-12-25 05:10:45.650536,2019-12-25 05:20:45.650536,2019-12-25 05:18:45.650536,0132,1577222325,32,5f919c7c5b87be3a5039ff2c86ff9d25,366.00
津A45176,2019-12-24 19:55:44.650536,2019-12-24 20:22:44.650536,2019-12-24 20:17:20.650536,0016,1577189840,30,19eb127f3ac75f9200126e5d9b9523b6,259.00
津A47708,2019-12-24 15:51:43.650536,2019-12-24 16:17:43.650536,2019-12-24 16:12:31.650536,0164,1577175151,34,c40c9dee295daf9b17015c58b8fce36b,254.00
津A26993,2019-12-24 15:12:23.650536,2019-12-24 15:32:23.650536,2019-12-24 15:28:23.650536,0129,1577172503,33,7b9bd7899a1c2963b45730a92612a06e,324.00
津A81483,2019-12-24 20:35:28.650536,2019-12-24 20:51:28.650536,2019-12-24 20:48:16.650536,0076,1577191696,32,57bb0bfa56e39161758bd23f9288f63a,252.00
津A89626,2019-12-24 04:13:39.650536,2019-12-24 04:36:39.650536,2019-12-24 04:32:03.650536,0192,1577133123,33,579677816c2c10c5ce887816163d6dc1,458.00
津A54807,2019-12-24 05:45:06.650536,2019-12-24 05:56:06.650536,2019-12-24 05:53:54.650536,0097,1577138034,32,21d4370c183f5ddb86d6567e3b53aca6,303.00
津A36267,2019-12-24 15:14:22.650536,2019-12-24 15:27:22.650536,2019-12-24 15:24:46.650536,0126,1577172286,33,1b931bcbd4159190d0072c8530cd7394,419.00
津A24366,2019-12-24 22:39:52.650536,2019-12-24 23:02:52.650536,2019-12-24 22:58:16.650536,0153,1577199496,30,6b9a4e3ee811723542268371bc9dcbfa,310.00
津A43764,2019-12-24 18:21:46.650536,2019-12-24 18:46:46.650536,2019-12-24 18:41:46.650536,0073,1577184106,35,09067e02a950e6a5c960b3e7d5f617de,233.00
津A20779,2019-12-24 17:50:43.650536,2019-12-24 18:18:43.650536,2019-12-24 18:13:07.650536,0192,1577182387,31,6d73b91d2cfe04d130990458bf963c85,461.00
津A28471,2019-12-23 03:31:17.650536,2019-12-23 03:54:17.650536,2019-12-23 03:49:41.650536,0064,1577044181,32,e2c432e953880e928b09b11fc394f44e,310.00
津A44313,2019-12-23 02:09:25.650536,2019-12-23 02:14:25.650536,2019-12-23 02:13:25.650536,0055,1577038405,34,9bce7754963dc79b2e4f283157ab1ae7,430.00
津A49706,2019-12-23 14:47:45.650536,2019-12-23 15:02:45.650536,2019-12-23 14:59:45.650536,0129,1577084385,32,a95d50f7bbf140d44fdec435fb2e7717,439.00
津A40052,2019-12-23 05:27:04.650536,2019-12-23 05:45:04.650536,2019-12-23 05:41:28.650536,0160,1577050888,33,f76324f140a23f35f9d2c133618020dd,259.00
津A46097,2019-12-23 11:49:33.650536,2019-12-23 12:17:33.650536,2019-12-23 12:11:57.650536,0083,1577074317,35,e0c433008613c767c683c257b73fe427,379.00
津A13315,2019-12-23 18:54:54.650536,2019-12-23 19:02:54.650536,2019-12-23 19:01:18.650536,0180,1577098878,30,20769d7e8b873d936b25fe062faf589d,404.00
津A35864,2019-12-23 01:31:39.650536,2019-12-23 01:42:39.650536,2019-12-23 01:40:27.650536,0076,1577036427,33,42169b8d2bb0908d7960587c10998dfb,395.00
津A15166,2019-12-23 19:09:58.650536,2019-12-23 19:33:58.650536,2019-12-23 19:29:10.650536,0151,1577100550,32,7463a6aa19a20bcd9e3a9c4faaa06807,380.00
津A93199,2019-12-23 01:14:31.650536,2019-12-23 01:36:31.650536,2019-12-23 01:32:07.650536,0034,1577035927,32,4cccfa4739db8056a6c4048055fc2c04,238.00
津A30836,2019-12-23 04:03:55.650536,2019-12-23 04:16:55.650536,2019-12-23 04:14:19.650536,0175,1577045659,30,dbf69a06dd9e41b6655a0b88cbeb322b,278.00
津A16831,2019-12-22 11:39:29.650536,2019-12-22 11:49:29.650536,2019-12-22 11:47:29.650536,0144,1576986449,31,36761d08615b3a8f34a09737110a6159,321.00
津A36347,2019-12-22 17:46:39.650536,2019-12-22 17:58:39.650536,2019-12-22 17:56:15.650536,0198,1577008575,33,1461b7985e314f1bcaef8c7c405ea860,451.00
津A67767,2019-12-22 22:01:17.650536,2019-12-22 22:13:17.650536,2019-12-22 22:10:53.650536,0018,1577023853,35,ef7123a99a5658dcfe056ff5ffefa486,492.00
津A48504,2019-12-22 07:47:07.650536,2019-12-22 07:54:07.650536,2019-12-22 07:52:43.650536,0178,1576972363,31,e0ad8fbb39ee45b03098d0ab49b6238b,217.00
津A11937,2019-12-22 02:10:29.650536,2019-12-22 02:36:29.650536,2019-12-22 02:31:17.650536,0050,1576953077,31,0b875dad0128ed3b5b0bae284dba4ade,413.00
津A25892,2019-12-22 06:35:31.650536,2019-12-22 06:49:31.650536,2019-12-22 06:46:43.650536,0004,1576968403,32,de1a3cbe6fae9c2a763157a7a102a8af,426.00
津A15215,2019-12-22 11:52:29.650536,2019-12-22 12:19:29.650536,2019-12-22 12:14:05.650536,0002,1576988045,35,4f8174149ac082a44108ca67077461e2,248.00
津A92678,2019-12-22 11:57:08.650536,2019-12-22 12:15:08.650536,2019-12-22 12:11:32.650536,0136,1576987892,34,5e55389424ed0654c8a3d76e78336747,364.00
津A36793,2019-12-22 21:22:55.650536,2019-12-22 21:29:55.650536,2019-12-22 21:28:31.650536,0075,1577021311,31,fabc9a2b43c4592eba0e693d579ac72b,377.00
津A29704,2019-12-22 07:56:32.650536,2019-12-22 08:24:32.650536,2019-12-22 08:18:56.650536,0070,1576973936,32,f5f32bbc3c43f48352f6eb176da8c41d,404.00
津A23700,2019-12-21 14:37:24.650536,2019-12-21 15:02:24.650536,2019-12-21 14:57:24.650536,0132,1576911444,33,9c3c709df38ab91121e6c0a3cb5e9c82,471.00
津A45697,2019-12-21 16:49:17.650536,2019-12-21 17:01:17.650536,2019-12-21 16:58:53.650536,0060,1576918733,30,91ed867219e4b20f723f044100baade5,465.00
津A44927,2019-12-21 12:07:28.650536,2019-12-21 12:33:28.650536,2019-12-21 12:28:16.650536,0058,1576902496,34,23a823348a79a2f50493662026307809,478.00
津A34872,2019-12-21 22:19:09.650536,2019-12-21 22:30:09.650536,2019-12-21 22:27:57.650536,0071,1576938477,32,2a4d2d5f20f97e6e2d1825917c3e0fbc,272.00
津A41576,2019-12-21 02:29:59.650536,2019-12-21 02:41:59.650536,2019-12-21 02:39:35.650536,0057,1576867175,33,0ced67932754763bda2739d88bcecc6a,403.00
津A26836,2019-12-21 10:16:46.650536,2019-12-21 10:23:46.650536,2019-12-21 10:22:22.650536,0033,1576894942,32,3128762654b279f9ad2b71fe12ce269c,467.00
津A32067,2019-12-21 19:57:56.650536,2019-12-21 20:23:56.650536,2019-12-21 20:18:44.650536,0119,1576930724,35,349b70391f39b5a915b3545e9d2bce14,351.00
津A36732,2019-12-21 16:47:59.650536,2019-12-21 17:08:59.650536,2019-12-21 17:04:47.650536,0023,1576919087,32,66833df1b54ead19a7ef9f8ba3d4e67c,351.00
津A22034,2019-12-21 12:13:46.650536,2019-12-21 12:34:46.650536,2019-12-21 12:30:34.650536,0088,1576902634,34,4d90eb5ed8abc0f22267e971013f55a7,277.00
津A38945,2019-12-21 12:11:38.650536,2019-12-21 12:30:38.650536,2019-12-21 12:26:50.650536,0095,1576902410,31,4d1a67acb9eeb31acc08217cef1876e9,445.00
津A32771,2019-12-20 06:00:14.650536,2019-12-20 06:16:14.650536,2019-12-20 06:13:02.650536,0165,1576793582,31,049d5e45406f260f3f4f164ad37e7f85,434.00
津A33583,2019-12-20 09:07:31.650536,2019-12-20 09:24:31.650536,2019-12-20 09:21:07.650536,0102,1576804867,33,6603f858b94df7a11a4ee2fcd805539e,304.00
津A41734,2019-12-20 23:56:11.650536,2019-12-21 00:08:11.650536,2019-12-21 00:05:47.650536,0049,1576857947,30,3951788a537e20b7094983f962712fdd,415.00
津A48650,2019-12-20 22:23:49.650536,2019-12-20 22:33:49.650536,2019-12-20 22:31:49.650536,0040,1576852309,31,2a5c61a33a4e8cf9804b866d4d0bea01,433.00
津A14417,2019-12-20 09:13:16.650536,2019-12-20 09:37:16.650536,2019-12-20 09:32:28.650536,0170,1576805548,34,1f32a80b348810baa0041e0a3e79b712,425.00
津A37210,2019-12-20 09:00:43.650536,2019-12-20 09:14:43.650536,2019-12-20 09:11:55.650536,0121,1576804315,34,2d0d9587b4375231e8fe110922c085c6,234.00
津A23206,2019-12-20 23:17:12.650536,2019-12-20 23:39:12.650536,2019-12-20 23:34:48.650536,0072,1576856088,30,01ebdfc2e4679707d066ebdff4ba8e7c,248.00
津A37295,2019-12-20 15:12:32.650536,2019-12-20 15:35:32.650536,2019-12-20 15:30:56.650536,0124,1576827056,34,de7cb917ed5e7b82a6f82aaac9244021,318.00
津A43883,2019-12-20 15:51:35.650536,2019-12-20 16:14:35.650536,2019-12-20 16:09:59.650536,0190,1576829399,35,82f6ece99d801487deb1975d4d193b9c,298.00
津A12922,2019-12-20 23:47:09.650536,2019-12-21 00:11:09.650536,2019-12-21 00:06:21.650536,0041,1576857981,30,c5b2ffa6d430a77972faa5087d054f67,276.00
津A30513,2019-12-19 02:57:37.650536,2019-12-19 03:02:37.650536,2019-12-19 03:01:37.650536,0194,1576695697,34,e468ddd01d74a90c64067cf5ed1da451,312.00
津A25351,2019-12-19 21:38:25.650536,2019-12-19 22:05:25.650536,2019-12-19 22:00:01.650536,0048,1576764001,34,7a5c0c0642eb73367ff515d8a96be05f,368.00
津A34916,2019-12-19 05:40:33.650536,2019-12-19 06:00:33.650536,2019-12-19 05:56:33.650536,0107,1576706193,34,33a8d0358214e76a04303cd6b2ae6ce9,465.00
津A30879,2019-12-19 05:55:28.650536,2019-12-19 06:24:28.650536,2019-12-19 06:18:40.650536,0191,1576707520,31,9acadc0332eddb02a5893776dd4f1ec7,396.00
津A12874,2019-12-19 07:06:22.650536,2019-12-19 07:34:22.650536,2019-12-19 07:28:46.650536,0149,1576711726,33,95e1d41f086f27ba3516b563f336b939,322.00
津A43344,2019-12-19 20:56:51.650536,2019-12-19 21:18:51.650536,2019-12-19 21:14:27.650536,0156,1576761267,33,bff92a9eb412845051beada7c953fd98,442.00
津A62374,2019-12-19 15:14:24.650536,2019-12-19 15:43:24.650536,2019-12-19 15:37:36.650536,0150,1576741056,31,2841ae6328d4f6ea276fff462b57a74d,269.00
津A11777,2019-12-19 07:40:59.650536,2019-12-19 07:50:59.650536,2019-12-19 07:48:59.650536,0149,1576712939,35,682800e7311a6b64c655645928ec2170,414.00
津A45522,2019-12-19 16:29:01.650536,2019-12-19 16:45:01.650536,2019-12-19 16:41:49.650536,0142,1576744909,32,b091f1b3e012d915454e3dea5759bcd8,324.00
津A14900,2019-12-19 19:16:17.650536,2019-12-19 19:35:17.650536,2019-12-19 19:31:29.650536,0150,1576755089,32,46df9b1ed1d4d537b1308fa69dedb4d2,461.00
津A61583,2019-12-18 01:36:20.650536,2019-12-18 02:06:20.650536,2019-12-18 02:00:20.650536,0092,1576605620,35,ce13165054a50d0954027915d7995397,384.00
津A27127,2019-12-18 14:10:27.650536,2019-12-18 14:38:27.650536,2019-12-18 14:32:51.650536,0012,1576650771,34,f11578d6d88874da108f127792b3d33d,351.00
津A20860,2019-12-18 15:05:19.650536,2019-12-18 15:16:19.650536,2019-12-18 15:14:07.650536,0011,1576653247,32,808531d56c5e3474c04f73c10c2fd3b1,267.00
津A43549,2019-12-18 22:22:36.650536,2019-12-18 22:47:36.650536,2019-12-18 22:42:36.650536,0126,1576680156,32,d4e1daefcf704aa63dce7a123c3434fd,488.00
津A43996,2019-12-18 07:38:02.650536,2019-12-18 08:03:02.650536,2019-12-18 07:58:02.650536,0098,1576627082,32,64692a0769f1d3d883716467e35366c0,227.00
津A68309,2019-12-18 14:59:33.650536,2019-12-18 15:16:33.650536,2019-12-18 15:13:09.650536,0041,1576653189,31,18e4017ac909de580663a64dd89a47b0,232.00
津A68222,2019-12-18 10:29:57.650536,2019-12-18 10:47:57.650536,2019-12-18 10:44:21.650536,0072,1576637061,30,d02480aa637d00e3fbd93873df55274f,248.00
津A77817,2019-12-18 00:28:21.650536,2019-12-18 00:54:21.650536,2019-12-18 00:49:09.650536,0091,1576601349,32,fca4281eb7b8c3580bb818d47766a7ee,414.00
津A23092,2019-12-18 23:59:10.650536,2019-12-19 00:18:10.650536,2019-12-19 00:14:22.650536,0072,1576685662,30,0d48330dff44f29696def1196061eaba,347.00
津A36857,2019-12-18 09:05:27.650536,2019-12-18 09:24:27.650536,2019-12-18 09:20:39.650536,0043,1576632039,31,5324ff7b012dbb4a6b28924d037c95e3,261.00
津A32847,2019-12-17 10:37:14.650536,2019-12-17 11:00:14.650536,2019-12-17 10:55:38.650536,0115,1576551338,34,386fe1ef2ad0df65234ac0c291c0166a,459.00
津A38459,2019-12-17 01:19:44.650536,2019-12-17 01:33:44.650536,2019-12-17 01:30:56.650536,0094,1576517456,35,be1c5eb75a624dc2bf4951d19d727735,250.00
津A14842,2019-12-17 20:55:01.650536,2019-12-17 21:13:01.650536,2019-12-17 21:09:25.650536,0105,1576588165,31,00da0a6c295caa9e7838a7812e45648d,415.00
津A29025,2019-12-17 09:30:19.650536,2019-12-17 09:37:19.650536,2019-12-17 09:35:55.650536,0025,1576546555,34,92dc0ae774c983614855af6953a2f4fd,375.00
津A31122,2019-12-17 07:59:11.650536,2019-12-17 08:09:11.650536,2019-12-17 08:07:11.650536,0007,1576541231,32,de66dc1fdf23b5246c72e00515219fd4,384.00
津A33966,2019-12-17 19:46:59.650536,2019-12-17 19:59:59.650536,2019-12-17 19:57:23.650536,0126,1576583843,33,a75902f9b0c077af4f48189f72df1851,401.00
津A72241,2019-12-17 09:02:15.650536,2019-12-17 09:14:15.650536,2019-12-17 09:11:51.650536,0138,1576545111,34,b337b6f21683c1906e213a6a489694c6,441.00
津A15719,2019-12-17 00:43:17.650536,2019-12-17 00:50:17.650536,2019-12-17 00:48:53.650536,0040,1576514933,35,4dd66fdd8dfa6556531f484929c2df6b,465.00
津A46909,2019-12-17 06:36:10.650536,2019-12-17 06:56:10.650536,2019-12-17 06:52:10.650536,0093,1576536730,34,f49f93fabf9e104bffddb17e41a43ff4,404.00
津A36700,2019-12-17 14:18:17.650536,2019-12-17 14:43:17.650536,2019-12-17 14:38:17.650536,0128,1576564697,30,001f270db8d369cc4fab7103ab2aed89,207.00
津A38588,2019-12-16 15:15:45.650536,2019-12-16 15:21:45.650536,2019-12-16 15:20:33.650536,0189,1576480833,33,47d6c71aa6f75b83f2b3b0dc7005fa2f,472.00
津A40380,2019-12-16 13:46:28.650536,2019-12-16 14:07:28.650536,2019-12-16 14:03:16.650536,0179,1576476196,32,d93aababc743d7a1bc8c3362a2de623f,298.00
津A39937,2019-12-16 10:24:25.650536,2019-12-16 10:32:25.650536,2019-12-16 10:30:49.650536,0107,1576463449,35,05c777f5e376b651611274ef77b0caa9,319.00
津A23895,2019-12-16 13:06:06.650536,2019-12-16 13:36:06.650536,2019-12-16 13:30:06.650536,0197,1576474206,32,91968623a1dbc0130a40bf52f44779d1,259.00
津A11841,2019-12-16 22:41:26.650536,2019-12-16 22:57:26.650536,2019-12-16 22:54:14.650536,0198,1576508054,31,4442cd4180862e3117768ab83dc08342,401.00
津A46359,2019-12-16 19:42:45.650536,2019-12-16 20:05:45.650536,2019-12-16 20:01:09.650536,0128,1576497669,35,dbf3c5e5091fc9633354d0eb9e1f5866,332.00
津A39838,2019-12-16 02:35:25.650536,2019-12-16 02:49:25.650536,2019-12-16 02:46:37.650536,0101,1576435597,31,c33aeb7949a98d5581b1587b480961ca,282.00
津A48889,2019-12-16 09:04:53.650536,2019-12-16 09:30:53.650536,2019-12-16 09:25:41.650536,0082,1576459541,33,abff6dc82f5cf065ca328876f38b8843,431.00
津A43160,2019-12-16 11:58:30.650536,2019-12-16 12:14:30.650536,2019-12-16 12:11:18.650536,0101,1576469478,35,6d529c8691c66d699df8b618100e52b5,446.00
津A15299,2019-12-16 19:52:03.650536,2019-12-16 20:16:03.650536,2019-12-16 20:11:15.650536,0089,1576498275,31,c0cacd8ea9e04b64ea62337a0cefc90a,360.00
津A28348,2019-12-15 18:42:25.650536,2019-12-15 18:53:25.650536,2019-12-15 18:51:13.650536,0179,1576407073,35,3deede6737cb756f8e918b5b0322f302,266.00
津A45052,2019-12-15 21:56:41.650536,2019-12-15 22:05:41.650536,2019-12-15 22:03:53.650536,0025,1576418633,30,edb1770fd72221897812d36b6aa88170,358.00
津A15526,2019-12-15 03:34:44.650536,2019-12-15 04:03:44.650536,2019-12-15 03:57:56.650536,0027,1576353476,30,3a8f498fb51373bc10b8c7fa1dcacdfd,213.00
津A37177,2019-12-15 10:29:23.650536,2019-12-15 10:40:23.650536,2019-12-15 10:38:11.650536,0143,1576377491,35,c102b54437db513e1e7dcfbbfbdd6821,305.00
津A13360,2019-12-15 06:28:21.650536,2019-12-15 06:38:21.650536,2019-12-15 06:36:21.650536,0185,1576362981,33,81b22c222e543e3278f8beb7f17e0576,292.00
津A46871,2019-12-15 07:30:51.650536,2019-12-15 07:44:51.650536,2019-12-15 07:42:03.650536,0122,1576366923,31,0d3aac041533ed8fb66a87ee5bb31ed2,310.00
津A49660,2019-12-15 00:16:22.650536,2019-12-15 00:34:22.650536,2019-12-15 00:30:46.650536,0107,1576341046,35,23664892a4dd981ede287a9752d15650,259.00
津A41022,2019-12-15 14:27:23.650536,2019-12-15 14:50:23.650536,2019-12-15 14:45:47.650536,0156,1576392347,33,a1f325bbd17f414dc74f6c88bb97623d,474.00
津A85978,2019-12-15 20:49:15.650536,2019-12-15 21:03:15.650536,2019-12-15 21:00:27.650536,0192,1576414827,34,1526754b29f0d9976ca1064f23a954c8,499.00
津A32151,2019-12-15 12:28:51.650536,2019-12-15 12:37:51.650536,2019-12-15 12:36:03.650536,0083,1576384563,33,df512f958f40b7a380f46e0c8e49d88c,214.00
津A44350,2019-12-14 02:27:16.650536,2019-12-14 02:33:16.650536,2019-12-14 02:32:04.650536,0057,1576261924,30,5dfe878f0b8bfad4b28fdef3ef98d053,253.00
津A21973,2019-12-14 12:48:55.650536,2019-12-14 13:09:55.650536,2019-12-14 13:05:43.650536,0054,1576299943,32,63c0b97bbb9d1841e7eb45d2fdb267a9,316.00
津A87866,2019-12-14 01:07:37.650536,2019-12-14 01:35:37.650536,2019-12-14 01:30:01.650536,0195,1576258201,33,c4699c4b70ea0bcd40fc22d4928cc1ae,432.00
津A75818,2019-12-14 03:56:08.650536,2019-12-14 04:22:08.650536,2019-12-14 04:16:56.650536,0096,1576268216,32,70cb9c8ba435be0529a3d55572bea6f6,448.00
津A47535,2019-12-14 12:56:55.650536,2019-12-14 13:09:55.650536,2019-12-14 13:07:19.650536,0168,1576300039,30,e268fc395dbf6ddbed9f967adfc480d0,278.00
津A44754,2019-12-14 14:40:42.650536,2019-12-14 14:46:42.650536,2019-12-14 14:45:30.650536,0109,1576305930,34,5eef30e258af180e3719ea71b44ea3a3,282.00
津A11291,2019-12-14 16:53:32.650536,2019-12-14 17:09:32.650536,2019-12-14 17:06:20.650536,0140,1576314380,30,cdf51f2eda6103769b8d8829d142f1b9,249.00
津A39490,2019-12-14 05:53:58.650536,2019-12-14 06:08:58.650536,2019-12-14 06:05:58.650536,0191,1576274758,33,66c4b49c55e37d4b5c4453aae8504c84,256.00
津A26556,2019-12-14 05:56:17.650536,2019-12-14 06:19:17.650536,2019-12-14 06:14:41.650536,0050,1576275281,34,b0c537026f2ea96062e0861aa2429de7,398.00
津A18313,2019-12-14 06:24:04.650536,2019-12-14 06:53:04.650536,2019-12-14 06:47:16.650536,0071,1576277236,30,0668d5cc56d37384613bcc761170bb50,350.00
津A37719,2019-12-13 21:22:10.650536,2019-12-13 21:30:10.650536,2019-12-13 21:28:34.650536,0122,1576243714,35,beebac742d78a4987bebd01c35499ac5,371.00
津A11938,2019-12-13 14:28:21.650536,2019-12-13 14:55:21.650536,2019-12-13 14:49:57.650536,0190,1576219797,33,f9471b451585c6f93025929ede6ca1ad,225.00
津A36629,2019-12-13 06:29:32.650536,2019-12-13 06:57:32.650536,2019-12-13 06:51:56.650536,0185,1576191116,30,85f128f1d07e861405c48648802f9d00,314.00
津A34105,2019-12-13 20:31:36.650536,2019-12-13 20:44:36.650536,2019-12-13 20:42:00.650536,0009,1576240920,35,f66a7099606108dfd9ae5f4c230deb23,215.00
津A17045,2019-12-13 19:06:40.650536,2019-12-13 19:13:40.650536,2019-12-13 19:12:16.650536,0169,1576235536,31,e03ce1da7cce0e08ae0dc0b961f44006,482.00
津A86515,2019-12-13 04:18:39.650536,2019-12-13 04:31:39.650536,2019-12-13 04:29:03.650536,0176,1576182543,32,17edbb492c7ca45dd77316e8c4410155,357.00
津A11437,2019-12-13 09:12:41.650536,2019-12-13 09:29:41.650536,2019-12-13 09:26:17.650536,0176,1576200377,34,5424a097f43631069614ab7734419e05,321.00
津A27102,2019-12-13 19:29:13.650536,2019-12-13 19:50:13.650536,2019-12-13 19:46:01.650536,0167,1576237561,35,f0f9811bf98217aef125e10245e60927,229.00
津A49972,2019-12-13 12:24:22.650536,2019-12-13 12:52:22.650536,2019-12-13 12:46:46.650536,0126,1576212406,35,3e5c86e8364798cc539e74c89edb4dee,316.00
津A44611,2019-12-13 05:17:16.650536,2019-12-13 05:22:16.650536,2019-12-13 05:21:16.650536,0161,1576185676,32,c378eccccdbc19a2d647cc3ee35556b1,364.00
津A48535,2019-12-12 19:40:20.650536,2019-12-12 20:01:20.650536,2019-12-12 19:57:08.650536,0164,1576151828,34,e69b19c89551f92040525f36d2249552,429.00
津A15218,2019-12-12 06:35:26.650536,2019-12-12 06:45:26.650536,2019-12-12 06:43:26.650536,0138,1576104206,34,d62f88292cb80133dc79c102dbe3fd0e,321.00
津A10361,2019-12-12 20:55:51.650536,2019-12-12 21:16:51.650536,2019-12-12 21:12:39.650536,0183,1576156359,35,18a8650fc04ee5de19f9ab75a5eacbe6,376.00
津A40175,2019-12-12 11:27:11.650536,2019-12-12 11:55:11.650536,2019-12-12 11:49:35.650536,0176,1576122575,35,688de6f9feb8855d20bdb784df2edc17,454.00
津A44167,2019-12-12 18:30:55.650536,2019-12-12 18:40:55.650536,2019-12-12 18:38:55.650536,0151,1576147135,31,c3e26d35b24db9fb0d73f0f4451253b9,487.00
津A12174,2019-12-12 11:19:56.650536,2019-12-12 11:27:56.650536,2019-12-12 11:26:20.650536,0095,1576121180,33,97fbc218dcdc56b96cb76e7f93fc82d2,266.00
津A15041,2019-12-12 18:22:25.650536,2019-12-12 18:50:25.650536,2019-12-12 18:44:49.650536,0043,1576147489,33,bec931fc68205bc25f6fd187373711d9,309.00
津A40991,2019-12-12 15:24:17.650536,2019-12-12 15:45:17.650536,2019-12-12 15:41:05.650536,0037,1576136465,30,09a36a12d6455dc5d178fcf728907fba,316.00
津A35731,2019-12-12 06:53:43.650536,2019-12-12 07:12:43.650536,2019-12-12 07:08:55.650536,0023,1576105735,32,f4f56919d52bd592b5c79759f1ca48a9,374.00
津A66070,2019-12-12 08:14:27.650536,2019-12-12 08:28:27.650536,2019-12-12 08:25:39.650536,0174,1576110339,35,7f765165c4fcd8a0d854d8415dfe0e74,405.00
津A41597,2019-12-11 02:01:34.650536,2019-12-11 02:15:34.650536,2019-12-11 02:12:46.650536,0057,1576001566,35,018c7dc286bc102c791198bc30dc9e51,234.00
津A15958,2019-12-11 00:03:36.650536,2019-12-11 00:29:36.650536,2019-12-11 00:24:24.650536,0027,1575995064,33,df0b0e6e67a9aad7033aea73c3b3957b,209.00
津A75555,2019-12-11 04:05:21.650536,2019-12-11 04:16:21.650536,2019-12-11 04:14:09.650536,0000,1576008849,34,fae4db0d0da9b5794c6eff543d0a6c32,202.00
津A93840,2019-12-11 20:49:47.650536,2019-12-11 21:14:47.650536,2019-12-11 21:09:47.650536,0007,1576069787,33,5bd1971365ab61fb6b76fb5f27c39741,209.00
津A21509,2019-12-11 07:56:32.650536,2019-12-11 08:04:32.650536,2019-12-11 08:02:56.650536,0173,1576022576,32,164aa873606005a00db14a15687704fd,271.00
津A16501,2019-12-11 22:11:49.650536,2019-12-11 22:25:49.650536,2019-12-11 22:23:01.650536,0189,1576074181,35,6c3ea8b5c09b5a564b321526bc958043,464.00
津A15834,2019-12-11 05:57:41.650536,2019-12-11 06:13:41.650536,2019-12-11 06:10:29.650536,0043,1576015829,33,c3f0dec64ed50e3ef0ceab075aff12c9,497.00
津A38530,2019-12-11 04:47:12.650536,2019-12-11 04:58:12.650536,2019-12-11 04:56:00.650536,0191,1576011360,33,d315101f4bec033d76e758026b1ed8f8,399.00
津A49905,2019-12-11 19:29:38.650536,2019-12-11 19:49:38.650536,2019-12-11 19:45:38.650536,0025,1576064738,33,acfd8f960eb14b37c1d87ce75162eaca,468.00
津A26929,2019-12-11 23:38:51.650536,2019-12-11 23:43:51.650536,2019-12-11 23:42:51.650536,0143,1576078971,33,f79e0f9fda15b91f9fc4f39da3780fcb,413.00
津A15353,2019-12-10 15:23:09.650536,2019-12-10 15:50:09.650536,2019-12-10 15:44:45.650536,0016,1575963885,35,b0a44efadaac4cd5ec72ca95a063f25b,307.00
津A28217,2019-12-10 07:39:59.650536,2019-12-10 07:58:59.650536,2019-12-10 07:55:11.650536,0105,1575935711,32,13146f3f277237314a0dd0362f4f0e85,319.00
津A39401,2019-12-10 22:51:48.650536,2019-12-10 23:09:48.650536,2019-12-10 23:06:12.650536,0104,1575990372,35,d4bdf80f2b9a06969fc130c0794b4851,461.00
津A22600,2019-12-10 15:03:52.650536,2019-12-10 15:12:52.650536,2019-12-10 15:11:04.650536,0072,1575961864,30,70d7cdc9c5f02a3ecf1c9e3aef981e6d,262.00
津A16530,2019-12-10 14:51:00.650536,2019-12-10 14:57:00.650536,2019-12-10 14:55:48.650536,0087,1575960948,33,efe1677e5e444f538afaea83b0cad148,423.00
津A33443,2019-12-10 03:22:50.650536,2019-12-10 03:37:50.650536,2019-12-10 03:34:50.650536,0057,1575920090,33,863e7d190e5c487c3f6a5b2081a4a01f,467.00
津A23282,2019-12-10 05:51:19.650536,2019-12-10 06:07:19.650536,2019-12-10 06:04:07.650536,0172,1575929047,35,463a7cfb82daeb9cf8583058942efdc6,499.00
津A20438,2019-12-10 05:20:19.650536,2019-12-10 05:49:19.650536,2019-12-10 05:43:31.650536,0028,1575927811,34,20f649fd8098af19722c4b67aaf44500,292.00
津A37163,2019-12-10 03:31:49.650536,2019-12-10 03:56:49.650536,2019-12-10 03:51:49.650536,0102,1575921109,32,a716d27d9e957a64e95ba4432253e004,324.00
津A30203,2019-12-10 03:44:04.650536,2019-12-10 04:11:04.650536,2019-12-10 04:05:40.650536,0000,1575921940,31,bf139f9bdfb702b577f76fd5207bca16,397.00
